"質詢編號","屆","會期","會次","委員","刊登日期","事由","說明"
"11-1-1-1",11,1,1,"羅智強","2024-02-16","本院羅委員智強，就文化部發放文化成年禮金政策屢傳遭濫用亂象，未達政策預期效果，特向行政院提出質詢。","由「藝 FUN 券」轉型而來的「文化成年禮金」今年起擴大發放，文化部每年列 20 億預算， 發給 16 至 22 歲每人 1200 點文化幣，並可從 16 歲起連續領 7 年。文化幣發放以來，屢傳出濫 用、亂用、收購、轉賣等亂象，包括購買與文創無關的化妝品、美食、日用品、3C，網路平台 上也有人低價出售文化幣換現金，被譏為「文化幣之亂」。 文化部參考法國等歐洲國家經驗，去年起發放文化幣，聲稱可開啟年輕人的文化體驗，培 養長期的藝文消費習慣。但媒體觀察成效，就像藝 FUN 券猶如放水流，文化幣也成了大撒幣， 青年一生花完 7 次文化幣，恐也就沒了後續。文化幣推出時即遭質疑，若只是讓本來就有藝文 消費習慣的人，使用文化幣去消費，對擴大藝文人口並無助益。 根據去年統計，文化幣消費抵用主要是書店及出版業，占整體 4 成 8。但從各種文化幣消費 亂象看來，在書店消費的，恐怕不一定是書，也許是拍立得、香氛蠟燭，或是教科書、參考書 等非文化類商品。文化幣漏洞多，難達成初衷。 以先前「藝 FUN 券」的使用為例，85%被用來購買圖書與看電影，其他藝文活動則乏人問 津。國外經驗證明，若無相關藝文教育配套引導，光靠免費政策不易吸引青年參加其不熟悉的 藝文活動，最後還是將消費補貼用於平時就會消費的項目，導致政策成效不佳。 文創法第 14 條規定：「為培養藝文消費習慣，並振興文化創意產業，中央主管機關得編列 預算補助學生觀賞藝文展演，並得發放藝文體驗券」。既有法令對「藝文體驗券」的實施有完 善規範，但因預算有限，文化部多年來並未發放。反觀預算達 20 億的「文化成年禮金」，卻僅 訂定行政規則位階的作業要點，難怪被批漏洞百出，無助藝文反添亂。有網友更在 Dcard 上 PO 出使用文化幣買了洗面乳、保養品、化妝品、防曬乳，讓民眾痛心自己的納稅錢被亂花。 針對文化成年禮金在政策推行上之缺失檢討、效能改善等相關事宜，敬請貴院回覆。"
"11-1-20-63",11,1,20,"黃健豪","2024-06-26","本院黃委員健豪，鑑於近年來機場海關扣押大量加熱菸品，據統計僅 2023 年，機場海關查扣之加熱菸高達 93,800 多條，造成保管倉庫堆積如山，海關肩負保管之重擔，卻不知亂象何時結束。此外，許多國外旅客反映加熱菸在臺灣已合法，但是入境臺灣時卻告知所攜帶的加熱菸並未完成審查，進而被沒 收 ， 造 成 許 多 觀 光 客 抱 怨 臺 灣 政 策 之 反 覆 與 延 宕 。 而主 政機關國健署面對輿情，僅表示已召開數十場審查會議，然而歷時超過一年，審查卻毫無結果，究竟是審查規範不夠明確，亦或是有人為因素干擾正常審查，眾說紛紜，對政府威信是嚴重打擊。為澈底解決現有之亂象，政府應明確訂定審查辦法與時程，解決審查會議議而不決之問題，特向行政院提出質詢。","一、日前媒體報導，日本觀光客來臺旅遊，入境時隨身攜帶之加熱菸產品通通被海關沒收， 讓他們非常生氣且不解，明明加熱菸在臺灣已立法通過，但是不僅攜帶入境會被沒收， 更有面臨罰款之問題。日本媒體《Newsweek》更提出「臺灣禁止加熱菸入境的法律， 很有可能會影響到觀光」。 二、據機場海關統計，光是 2023 年查扣非法走私之加熱菸即高達 93,800 多條，早就塞爆海關 倉庫。其間，造成海關人員的負擔，不僅要負擔人力與保管之責任，還要面對外國旅 客 被沒收之質疑與解釋，且短期間看不到解決之可能。三、媒體報導國健署迄今已召開 20~30 場審查會議，為時超過一年之久，卻仍無任何決議或結果，造成坊間傳聞不斷，質疑 是否因為健康風險評估審查時，沒有明確審查程序和決議方式，以致審查會議議而不決； 抑或是有人為刻意阻擾正常審查，想製造不公平競爭等流言。這些訊息對政府威信、產業 發展與行政運作，皆是不良之影響。為符合「菸害防制法」之立法宗旨，政府應明確化 指定菸品健康風險評估審查標準、衡量機制、審議程序與時程等，以釐清外界質疑，故此 特向行政院提出質詢。"
"11-1-20-64",11,1,20,"馬文君","2024-06-26","本院馬委員文君，鑑於我國大專校院一年級入學學生人 數自 111 學年起降至 20 萬人以下，逐年遞減，反觀國內學生出國留學人數則與日俱增之趨勢，籲請教育部儘速研議鄰近日、 韓 高 教 國 際 化 政 策 ， 藉 此 招 攬 優 質 國 際 生 ， 並 營 造 具國 際 化之 校 園學 習 環境 與 校園 文 化氛 圍 ，以 提 升我 國 高 教國際競爭力，基此，特向行政院提出質詢。","一、據國家發展委員會推估，於 2028 年台灣生育率將降至新低，出生人口推估僅剩 14 萬人。 基此，教育部指出，112 學年大一學生人數將跌破 20 萬人，108 至 117 學年度預估將遺失 8 萬名大一新生。在臺灣高等教育面臨死亡交叉的前景下，大學入學新生銳減代表著大學將 面臨招生不足的經營危機 。 二、高等教育全球化時代的來臨象徵著學生流動及跨國就業需求的攀升。據教育部統計，以 新冠疫情爆發 110 年前的數據，我國在主要國家留學人數從 105 學年的 5 萬 7,956 人，逐年 成長為 109 學年的 7 萬 1,488 人，五年成長 23%，然而回國服務、進修之數卻不到九%； 可見我國學生、人才外流趨勢之嚴重性，及高教短期交換計畫、跨國研讀學位與跨境學習 機會之需。 三、鄰近日、韓高等教育機構通過政策的推動促使教學、研究朝國際化發展，拓展跨境就職 機會。此外，兩國多以開設英語授課課程，藉吸引國際學生從而有效減少少子化對高教的 衝擊，同時增進學生在國際移動時的能力。韓國特別經由經費補助增聘具有英語能力 的學者授課；日本則採跨國學術合作與研究，增加機構內師生國際交流與互動的機會。 有鑑於此，籲請教育部積極思考並研議具體相似措施，增進台灣高教國際競爭力。"
"11-1-20-65",11,1,20,"萬美玲","2024-06-26","本院萬委員美玲，有鑑於子宮頸疫苗（人類乳突病毒 HumanPapilloma Virus 疫苗，以下簡稱 HPV 疫苗）是 WHO 認可安全及有效目前唯一可以預防癌症的疫苗，自 2018 年行政院宣布補助全國國中女生公費皆可以公費施打，實施 7 年以來接種率穩定上升並達到 90%以上。但 HPV 不只是導致女性子宮頸癌的元凶，也是男性口咽癌的隱藏凶手。根據（WHO）2023 年9 月研究發現，15 歲以上男性中，每 5 人就有 1 人感染 1 種以上高致癌型 HPV，更有研究發現，男性的口咽癌發生率已超越同樣與 HPV 相關的女性子宮頸癌。爰建請行政院儘速研議並落實公費 HPV 疫苗接種擴大至全國國中男生，以維護國人健康不分男女，特向行政院提出質詢。","一、相關實證顯示，不分男女皆有 8 成機率感染 HPV，根據世界衛生組織（WHO）2023 年 9 月 研究發現，15 歲以上男性中，每 5 人就有 1 人感染 1 種以上高致癌型 HPV，按衛福部最新 公布 2023 年國人十大死因統計，癌症居首位而口腔癌是台灣十大癌症中第 6 位，男性 10 大癌症中第 3 位，男性的口咽癌發生率已超越同樣與 HPV 相關的女性子宮頸癌。美國醫 學調查也顯示，美國男性口咽癌發生率已超越女性子宮頸癌，且 7 成以上口咽癌與 HPV 有 關；台灣統計也發現，約 3 成的口咽癌是 HPV 感染所致。但我國男性卻少有相關的篩檢及 公費疫苗措施，加上對於 HPV 的警覺性不足，自體清除病毒的能力更差於女性。 二、歐洲癌症組織把「2030 年前，不分男女性，HPV 疫苗接種率達成全體的 90%」訂為首要 目標。而目前國內對於青少年 HPV 校園公費施打，除嘉義市、新竹市及雲林縣有對男生 進行公費施打之外，其他縣市僅限女生。 三、為維護國人及青少年健康不分男女，更避免縣市落差，爰建請行政院儘速研議由中央統一 提供公費 HPV 疫苗接種擴大至全國國中男生。"
"11-1-20-66",11,1,20,"萬美玲","2024-06-26","本院萬委員美玲，有鑑於世界衛生組織 WHO 指出，肺癌是全球死亡人數最高的癌症，每年新增病例約 250 萬例、死亡人數約 180 萬人。又根據我國衛生福利部統計，肺癌已經連續 16 年，蟬聯我國癌症死亡原因的第一名，死亡率每十萬人口有 21.8 人死亡，去年更有 1 萬 0,053 人死於肺癌，占全部癌症死亡人數的 19.4%。衛生福利部於 111 年 7 月 1 日開辦肺癌早期偵測計畫，補助肺癌高風險族群，每兩年一次免費低劑量電腦斷層（以下簡稱 LDCT），迄今已找出 1,149名肺癌個案，其中早期（0 及 1 期）個案占了 85.1%（978 人），11.8%為晚期，顯示 LDCT 肺癌篩檢確實有成效，然肺癌近年來已有趨向年輕化的趨勢，40 歲以下肺癌患者占約 7%。爰建請行政院擴大免費肺癌 LDCT 篩檢計畫，除了有家族病史與吸菸史的民眾之外，擴大加入職業暴露、空污及油煙等高風險職業，並將篩檢年齡擴大到 40 歲以上，以預防肺癌死亡及減少健保醫療支出，特向行政院提出質詢。","一、根據世界衛生組織 WHO 指出，肺癌是全球死亡人數最高的癌症，每年新增病例約 250 萬例 、死亡人數約 180 萬人。又根據我國衛生福利部統計，肺癌已經連續 16 年，蟬聯我國癌症 死亡原因的第一名，死亡率每十萬人口有 21.8 人死亡，去年更有 1 萬 0.053 人死於肺癌， 占全部癌症死亡人數的 19.4%。 二、再根據健康保險署統計，肺癌近五年，平均就醫人數成長率高達 7.66%；112 年肺癌健保 醫療支出更高達 243.4 億元，都是癌症中最高，所以，「肺癌」號稱癌症三冠王：1.晚期 確診比例最高 2.健保醫療支出最高 3.死亡率最高。 三、衛生福利部於 111 年 7 月 1 日開辦肺癌早期偵測計畫，補助肺癌高風險族群，每兩年一次 免費低劑量電腦斷層（簡稱 LDCT），截至 112 年 12 月 31 日，共有 7.8 萬人接受篩檢，已 找出 1,149 名肺癌個案，其中早期（0 及 1 期）個案占了 85.1%（978 人），11.8%為晚期， 相較 110 年診斷肺癌早期個案僅 35.3%，晚期為 61.3%，顯示 LDCT 肺癌篩檢確實有成效。 四、肺癌近年來已有趨向年輕化的趨勢，根據奇美醫學中心調查，40 歲以下肺癌患者占約 7%， 最年輕的個案甚至只有 26 歲，更有許多是沒有家族史及不抽菸的女性。但目前 LDCT 公費 篩檢肺癌有兩大族群：一、有家族病史。二、重度吸菸者。男性 50 至 74 歲、女性 45 至 74 歲 ，才可免費篩檢，篩檢年齡及範圍卻顯不足。 五、為維護民眾健康及減少健保支出，建請行政院讓儘速研議擴大免費肺癌 LDCT 篩檢計畫， 除了有家族病史與吸菸史的民眾之外，擴大加入職業暴露、空污及油煙等高風險職業， 並將篩檢年齡擴大到 40 歲以上。"
"11-1-20-67",11,1,20,"柯志恩","2024-06-26","本院柯委員志恩，有鑑於行政院投入大筆資源推動國家語言發展政策，以及高級中等教育已將本土語言列入必修課程，惟教育現場出現學生缺乏學習興致，反映課程教材艱澀難懂之現象。為有助提升母語學習之成效，特向行政院提出質詢。","一、依國家語言發展法第九條第二項規定「中央教育主管機關應於國民基本教育各階段，將 國家語言列為部定課程」。本土語言課程自 111 學年起納入高中階段必修課程，卻屢傳 學生缺乏學習動機，導致成效低落、教學品質參差不齊等狀況。 二、根據民團 EdYouth 於 112 年之調查指出，高中生對於本土語言列為高級中等教育必修 兩學分之認同程度統計，認同者 35.50%，不認同者 43.50%，顯見學生對於本土語言學習的 認同感有待提升。然而，民團於 113 年之調查，有近五成的學生認為本土語言課程是重要 且有意義的，顯見高中生對本土語言的認同感有提升，且近半數重視其重要性。 三、民團於 113 年進一步調查高中生對本土語言課程之看法，顯示近四成的學生對於課程編排 與設計不甚滿意；四成學生上過本土語言課程後，無法提振興趣；近三成五的學生僅願意 在課程內盡力學習；四成五的學生不認同現階段本土語言教材具日常化與多元化，亦有 兩成五的學生對教材的日常化與多元化無感。 四、總結以上數據及經驗觀察，本土語言課程實有精進空間。教育現場無法有效提振本土語言 之學習興致，教材規劃不佳，以致無法用於日常之中。學生雖認同本土語言傳承重要性， 卻無法將課程活用。此外，教材過度強調羅馬拼音教學，內文艱澀難懂，無助提升基本的 口說與聽力，導致多數學生無法銜接，使學生對學習失去信心與興趣。 五、行政院投入 5 年 321 億元推動「國家語言整體發展方案（111-115 年）」，高級中等教育也 投入大量資源與人力，惟在教育現場無法提升本土語言之學習成效。本席認為，語言學習 最重要的是環境，是否有方法提升語言環境，使本土語言教育融入生活當中？此外，如何 透過課程、教材、師資等規劃，提升高中生學習母語之動機？最後，針對羅馬拼音教材 不利本土語言學習之現狀，如何改善？故特向行政院提出質詢。"
"11-1-21-68",11,1,21,"羅智強","2024-07-03","本院羅委員智強，有鑑於國內民眾及國際民主夥伴均十分關切我國國軍建構自我防衛能力之進度，然現行尚有逾 200 億美元裝備有延期交付情形，特向行政院提出質詢。","美國媒體「華爾街日報」曾撰文關注，台灣向美方訂購約 200 億美元的美國飛彈、火箭發射 器等武器，以協助抵禦來自中國大陸的軍事行為，然而許多訂單的交付還要拖到好幾年後。 軍事裝備是國防力量的基石，若裝備無法及時到位，恐影響我國之防衛能力，特別是在當前 國際局勢日益複雜的背景下，是否會因此在某些戰略防區上出現防禦漏洞？請行政院責成國防部 盤點尚未交付的武器裝備具體包含哪些類型及協議交付時間，以供社會大眾檢視。 就公開資料而言，未交付清單上之一包含於 2020 年簽署以 23 億 7,000 萬美元採購 100 套、 400 枚魚叉（Harpoon）反艦飛彈與相關裝備的合約，美國防部於 2023 年下了生產相同數量飛彈 的訂單，預定將於 2029 年 3 月完成這項計畫;國防部自己亦曾向媒體表拔，我方向美採購包括 400 枚飛彈在內的 100 套岸置型魚叉飛彈系統，其中的 32 套系統、128 枚岸置魚叉飛彈預計 2026 年交付，是否因烏俄戰爭而再次延後交付時間？ 本席特別點出這項裝備的原因，顧立雄部長上任後即宣示，海軍濱海作戰指揮部 115 年成立 ，擬擔負 24 浬內防務，除武器裝備包括雄二、雄三反艦飛彈，岸置魚叉更是十分扮演十分吃重 的角色，各個岸置魚叉飛彈陣地工程均已規劃設計，113 年起陸續開工。軍方規劃在雲林、高雄 、屏東等地新建 6 處魚叉飛彈部隊營區。 包含「海馬斯」多管火箭系統、F-16 戰機、愛國者攔截系統均為當前烏克蘭對抗俄羅斯之重 要裝備，美方表達會優先提供烏克蘭與北約盟友，縱然美國白宮國安會戰略溝通協調官柯比（ John Kirby）表達向台灣與以色列之交付順序並不受影響，然而烏克蘭當前所需數量巨大，國防 部是否評估對台交付否受到影響？ 考量諸多要件導致武器裝備遲未交付的情況下，國防部與供應商之間是否有簽訂相關的賠償 協議？若有，這些協議是否已經啟動，協商進展如何？如果沒有，國防部將採取何種措施來追討 相關的賠償，保障國家利益？ 如同美國智庫「卡托研究所」（Cato Institute）所言，改正美國對台軍售交付延宕狀況，才 能真正對於提升嚇阻及防止潛在毀滅性的戰爭，將是至關重要的能力，請行政院務必確保相關軍 備能夠如期如質交付抵達。"
"11-1-3-2",11,1,3,"羅明才","2024-02-27","本院羅委員明才，2 月 20 日新北市深坑區一間存放大量鋰電池的工廠發生火警，大火燃燒引發的惡臭瀰漫至雙北多個地區。毒物科醫師指出，鋰電池燃燒後會產生「氟化氫」毒氣，嚴重恐引發肺炎、肺衰竭。爰要求環境部、經濟部、勞動部等研商緊急應變措施。於類似情形再度發生後能緊急採取居家辦公、遠距教學等措施，減少民眾出門暴露於有毒氣體環境中，特向行政院提出質詢。","一、新北市深坑區一間存放大量鋰電池的工廠於 2 月 20 日突竄大火，雖經警消搶救火勢並撲滅 後，但大火燃燒引發的惡臭瀰漫至雙北多個地區，包括台北市文山區、信義區、大安區、 中正區、中山區、萬華區，還有新北市的永和區、中和區、新店區、板橋區等，引發民怨。 二、根據林口長庚醫院臨床毒物科醫師顏宗海示警，鋰電池燃燒後會產生氟化氫毒氣，是一種 毒性強烈的氣體，會影響人體的呼吸道和肺部，吸入後可能引發咳嗽或呼吸不順、胸悶， 若大量吸入更恐怕會引發肺炎、肺衰竭。更甚者，氟化氫一旦碰到水，就會成為具有腐蝕 性的「氫氟酸」，也就是俗稱的「化骨水」，且鋰電池燃燒還可能產生 PM2.5 等懸浮微粒 等物質，醫生建議在此情形下，民眾應減少出門，避免暴露於該環境中。 三、如今政府大力推廣電動車、儲電設備等，未來居家環境周邊存在鋰電池相關產品與設施的 機率也將大幅提升。各主管機關應藉此機會研商，倘若類似情形再度發生後，中央行政機 關與地方政府應採行的緊急應變措施，以維護民眾生命財產安全。"
"11-1-3-3",11,1,3,"羅智強","2024-02-27","本院羅委員智強，查近日金門海域遭大陸漁船闖入，與我方海巡發生追逐後不慎碰撞翻覆，造成 2 人落海身亡，全案因檢方介入調查下，外界得知我方巡邏艇執法與陸艇有發生碰撞，卻沒有全程錄影、錄音，引發家屬不滿及爭議，特向行政院提出質詢。","查海巡署對外新聞稿指，因本次海巡 CP-1051 艇沒有配備全船監視系統，過往執勤時，皆有 賴海巡人員使用船艇上配備的手持式攝影器材進行蒐證，行駛過程為船上平衡未有錄影；並稱要 錄影時就發生碰撞，眾人忙著救人以致忘了錄影。 更甚者海巡最初並未主動說明因碰撞而導致翻覆，全案因檢方介入調查下，外界方得知我方 巡邏艇執法與陸艇有發生碰撞，卻沒有全程錄影、錄音，引發家屬不滿及爭議。 據悉海巡署卅五噸級以上的海巡艦、海巡艇，都配備有艇外錄影系統，除艦上人員運用手持 攝影器材蒐證，艇外錄影系統亦可作為輔助蒐證之用。但唯獨新造的 CP 多功能艇因為空間狹小 ，設計伊始即無艇外錄影裝備，都要靠人員自行手動蒐證。 然 CP 多功能艇排水量為 4.3 噸，與噸數為 5 噸以下之 CT0 漁船相去無異，後者仍可安裝船 舶攝錄影系統，顯見海巡署對於第一線執勤人員保障未見充足，對於日後發生勤務爭議、勤務人 員安全皆尚有改進空間。 海巡署應比照國防部自 2022 年 8 月初，大陸對台軍演時即已經要求國軍各級部隊，尤其是 海空部隊要配置適當的攝錄器材蒐證的器材。更於本次事件後，通令要求所有的海空單位，以及 外離島的部隊，針對國軍現有的器材跟能量持續加強檢整，同時強化相關人員的訓練，希望能滿 足蒐證或紀錄的需求。 盱衡本案海巡署勤務引發質疑一事，本席要求海巡署各艦艇應立即全面換裝船舶攝錄影系統 ，應對後續可能衍伸之勤務爭議進行紀錄蒐證，對任何爭端即時提出證明，以昭政府執法公信。 針對金門海域雙方船隻碰撞事件，未有全程錄影、錄音，引發大陸漁民家屬不滿及爭議，為 維護海巡署執法公信力，應立即查明全案真相，將全案事實忠實呈現於家屬與社會大眾前，並全 面換裝船舶攝錄影系統，敬請貴院回覆。"
"11-1-3-4",11,1,3,"陳菁徽","2024-02-27","本院陳委員菁徽，有鑑於近年來組織犯罪猖獗，新興黑幫擴張，以金錢、權勢甚至毒品吸納青年，黑道檯面化，黑道舉辦奢華春酒，網路瘋傳，彷如黑道招生，引起社會譁然。黑道、詐騙集團指揮青年作為「打手」、「車手」事件，數見不鮮，甚至滲入時下興盛的自媒體產業。政府一再強調「黑道暴力零容忍」，然社會暴力事件仍層出不窮，組織犯罪攻擊尋仇事件更一再躍上社會版面，顯見政府打黑政策規劃不佳、執行不力，實應通盤檢討，研擬精進作為，爰向行政院提出質詢。","一、行政院內政部於 112 年推出「精進掃黑行動方案」，內容強調應該打黑應斬草除根，系統 性的掃黑，溯源、刨根、斷金流。然近年來，重大暴力、治安事件頻傳，且明顯有年輕化 之趨勢，甚至有 17 歲的少年從計程車下車掃射再到警局投案，以及黑幫辦生日所有年輕人 打卡似乎很驕傲。重大案件遭逮捕、法辦者，多為青年打手，目前的掃黑方案完全無法妥 適因應躲在後面的藏鏡人，內政部警政署實不應縱容此種犯罪型態持續敗壞社會治安。 二、112 年 5 月 18 日，行政院長陳建仁日主持「112 年度第 2 次治安會報」，在聽取內政部警 政署報告「精進掃黑行動方案」後表示，針對易受幫派組織依附的產業，例如建築營造業 、廢棄物清理、綠能發電及其他新興產業等，相關單位應加強訪查，積極蒐集相關情資、 提早察覺異樣，並主動進行偵辦，以有效抑制不法情事的發生。 三、近年來網路自媒體成為新興產業，其產值、資金的匯集速度、動員聚眾的速度跟金流，完 全不輸前述傳統產業，更有甚者，部分犯罪組織滲入自媒體產業，搞行銷、做網紅，網路 短影音隨處可見黑道內容、題材，紊亂社會價值觀，儼然成為社會重大治安隱憂，為了避 免網路自媒體產業成為黑幫藏匿、孳生的溫床，主責單位更應廣泛地來預防犯罪、蒐集情 資，將「網路自媒體產業」列為打黑重點之新興產業，並就此提出行動方案與策進作為。"
"11-1-3-5",11,1,3,"羅智強","2024-02-27","本院羅委員智強，針對近日我金門海域周邊事件頻發、等級持續升溫；國防部依據《臺灣地區與大陸地區人民關係條例》規定所制定「臺灣地區限制或禁止水域」遭大陸單方面解釋不存在，就海巡署及國防部現有與精進應處機制，特向行政院提出質詢。","本月我金門海域發生大陸漁船違法越界捕撈，遭海巡署值勤船隻執行驅離公務時，發生碰 撞造成兩名大陸籍漁民意外落水身亡，引發兩岸官方高度關注，即便有關專家學者分析，爭論 不會升級到「軍事對抗」，但後續所衍伸金門海域的管轄權與執法行動，因牽涉兩岸關係變化 ，皆受社會大眾矚目。 有鑑於事發後，國台辦稱「金廈海域不存在禁限制水域」，陸方海警也宣布在該海域展開 常態化執法巡查行動，與美國前眾院議長裴洛西（Nancy Pelosi）女士訪台後，陸方以此打破「 海峽中線」默契，常態性飛越中線造成我方軍方戰備警巡任務加劇，所謂「臺海新常態」亦影 響我方演訓假定設計、敵情報告、接戰規則與戰備警巡辦法。 本次遭宣稱不存在之禁限制水域，係指依據台灣地區與大陸地區人民關係條例規定，大陸 地區船舶非經主管機關許可，不得進入台灣地區限制或禁止水域。國防部於 87 年 6 月 22 日（ 1998 年）依兩岸關係條例公告限制、禁止水域範圍，其中台灣、澎湖、綠島、蘭嶼、彭佳嶼、 小琉球、七星岩及東沙地區之禁止水域範圍與我國之領海（自領海基線起 12 浬海域）範圍一致 ，限制水域範圍則與我國鄰接區（自領海基線起 24 浬海域）範圍相同。至於金門、東碇、烏坵 、馬祖、亮島、東引、南沙地區之限制、禁止水域範圍，則採多邊形劃法劃設之。 大陸漁船越界進入金門海域違法捕撈不慎翻覆後，具體行動上發生陸方海警登檢航行中偏 向大陸地區的「金廈遊輪」，造成台灣民眾恐慌與譁然；更有甚者，於 20 日「中國海監 8029」 進入我方水域，雙方僵持在金門禁限制水域長達一小時，雖有我方海巡人員立即抵達並在旁伴 航驅離。 而行政院長陳建仁僅輕描淡寫，我國對於金廈之間的海域本來就有所謂的限制還有海域規 範，雙方也都按照這樣的區域執法，未來會持續進行海域保護，維護海域的安全還有漁民權益 。對於「臺海新常態」應對隻字不提。海委員主委管碧玲則稱，未來我方船舶若遇陸方海警登 檢，可依據標準程序不停留或轉彎避開，並第一時間通知海巡協助。皆無說明政府據此所制定 應處機制，未來金門海域如何應對「臺海新常態」成為我方捍衛主權與尊嚴之焦點。 另就海巡人員執法因為沒有全程錄影、錄音，引發陸方漁民家屬不滿等爭議，皆因本次海 巡 CP-1051 艇沒有配備全船監視系統，過往執勤時，皆有賴海巡人員使用船艇上配備的手持式 攝影器材進行蒐證，應立即全面換裝自動監視系統，針對後續可能衍伸之常態勤務進行紀錄蒐 證。 針對近日我金門海域周邊事件頻發、等級持續升溫，為捍衛國家尊嚴、保護臺灣人民免受 驚擾，就海巡署及國防部現有與精進應處機制等相關事宜，敬請貴院回覆。"
"11-1-3-6",11,1,3,"羅智強","2024-02-27","本院羅委員智強，據報載我國籍劉姓男子因涉及電信詐騙案件而遭波蘭拘留超過 6 年，經法務部、外交部向波蘭提出引渡請求獲准，於年初引渡回臺受審後，僅裁定限制住居與出境並未羈押，使民眾直呼臺灣淪為詐欺者天堂，現現針對我國引渡詐騙犯回臺之標準、耗費成本與最終司法判決結果，特向行政院提出質詢。","2023 年臺灣有紀錄之詐騙案件暴增至近 3.8 萬件，造成財務損失金額高達 88.78 億元。經統 計 2017 年到 2021 年間詐欺罪案件被法院判決有罪確定者有 6 萬 9,741 人，以判處有期徒刑 6 月 以下者占 43%最多；判處 1 年以上至 3 年未滿者占 29.3%居次，而被判處拘役者也有 21.6%。 臺灣在國際間儼然成為「詐騙技轉大國」，電信機房與集團主謀遍佈東南亞、西班牙、東 歐等地，經由網路、電話詐騙無辜民眾，所謀取不法所得難以計數，尤甚者更被日媒披露，台 灣黑道利用社群網站尋找日本人，讓他們擔任打電話進行詐騙工作，並藉此大發橫才。 近年全球各地皆將詐騙犯罪列為優先打擊對象，臺灣詐騙集團成員先後於國外落網受審。 因受詐騙對象橫跨兩岸，大陸主張其有司法管轄權，先後有 200 餘名臺籍詐騙集團成員被引渡 至大陸接受審判。 自 2010 年起，陸續發生菲律賓案、肯亞案，臺灣詐騙集團成員在第三地被抓獲而引起的刑 事案件，2011 年於印尼、柬埔寨、馬來西亞、泰國等國警方聯手掃蕩詐騙集團，事局先後共帶 回 223 名犯人，不法獲利高達數億元，最終卻因證據不足和法官不採信陸方提供的被害人筆錄 等理由將這些犯嫌輕判，被起訴的 199 人中，刑期最重僅 1 年 2 月。 因牽涉到持有中華民國國籍的電信詐騙集團成員或車手在國外犯罪所相關的管轄權、主權 等問題而引發搶人大戰。以本次劉姓犯嫌一案，我國歷時九個多月的司法及行政程序，總共耗 時一年將該名男子引渡回過，卻出現疑似縱放的質疑聲浪，不免令我國與波蘭所簽訂之「刑事 司法合作協定」蒙上陰影，民眾擔憂臺灣是否會引渡更多詐騙犯罪者回國縱放。 根據刑事局最新統計，我國共有 8 萬名棄保通緝犯，其中逃出境外的有 8 千人，涉及詐騙 犯罪且出境未歸的更高達 1,637 人。連同我國所發生之棄保潛逃數量，有鑑於詐騙犯罪多為高犯 罪所得，詐騙行為在臺灣需承擔風險成本低廉。 據報載，劉男同夥已在北京遭判刑，最重者被處有期徒刑 13 年，刑責最輕者也被處以 5 年 刑責並處以罰金，而相較於可將詐欺犯處以無期徒刑的大陸法規。我方加重詐欺刑責最高 7 年 ，但絕大部分的犯人都落在數月到 1、2 年間，且多數能易科罰金。 綜合上述，屢次引渡詐騙者回受審的輕縱，令民眾質疑引渡詐騙犯回臺受審，究竟是拯救 被害者，亦或是成為拯救犯罪者。以至於轟動一時的肯亞案，當臺籍詐騙犯被遣送大陸後，獲 知將被遣返回臺時鬆了一口氣。 本席強烈要求行政院應對「打詐行動綱領 1.5」成果進行報告，說明為何 2023 年下半年的 詐欺案竟比推出該綱領前還多。另針對我國引渡詐騙犯回臺之標準、耗費成本與最終司法判決 結果，敬請貴院回覆。"
"11-1-4-7",11,1,4,"羅智強","2024-03-06","本院羅委員智強，有鑑國內少子化趨勢，現行法規所訂定實習課程分組人數未修正，致使實習課程因人數不足無法實施分組上課，為使實習課程教學更精緻，有關現行「高級中等學校實習課程實施辦法」所不足處，特向行政院提出質詢。","少子化為我國人口走向之大趨勢，教育部已拍板高中職教育朝向精緻化發展，教育捕所核定 之班級人數也逐年減少。技高也發展出實習課程運用分組教學模式，使實習課程教學更精緻，學 生所習得收穫愈發精熟。但目前因班級任學生人數逐年減少，常有技高班級人數不能達到分組教 學之門檻，使得實習課程無法實施分組上課。 依據「高級中等學校實習課程實施辦法」第 7 條規定，學校校內實習課程，應依高級中等學 校課程綱要規定，並得考量教學設備、安全及空間因素，實施分組教學。前項分組教學，每班以 二組為限；每組至少十二人，但情形特殊報個主管機關核准者，其每組人數，不在此限。學校實 施校內實習課程時，得辦理校外職場參觀，強化學生對職場之了解。 上開辦法限定每組十二人，為符合現行招生人數及班級人數，應進行相對應調整。固然國教 署曾函文回覆教團，部分學校班級招生人數受少子化衝擊，第七條第 2 項之但書，定有實習分組 教學不受 12 人限制之彈性作法，惟審酌當前少子化趨勢，以及教學實務成效而言，應下修現行 12 人限制，減少專案申請核准之情形。"
"11-1-4-8",11,1,4,"羅智強","2024-03-06","本院羅委員智強，有鑑近年全球通貨膨脹，致使臺灣物價隨之飛漲。為因應物價波動，政府自 113 年起調高軍公教薪資4%因應通膨，然卻未聯動調整高級中等學校「教師鐘點費」及「課後輔導」與「重修及補修」之教師鐘點費，特向行政院提出質詢。","查 111 年 8 月 9 日修正公立中小學兼任及代課教師鐘點費支給基準表，將超過 30 年以上未 調整之高級中等學校教師終點費，調升為 420 元/節，並自 111 年 2 月 1 日生效。自 113 年起， 考量近年物價上升，通膨情況持續，調高軍公教薪資 4%，但調薪範疇並未囊括教師鐘點費。 檢視「高級中等學校課業輔導實施要點」及「高級中等學校學生重修及補修學分補充規定」 教師鐘點費之規定為：每節得於公立中小學兼任及代課教師鐘點費支給基準表之高級中等學校支給 數額至五百五十元額度內核實（或為原則），也就是現行課業輔導或重補修之教師鐘點費為 420 至 550 元。 為避免兼任及代課教師有同工不同酬，再次淪為血汗教師，應當調高高級中等學校之教師（ 兼課）鐘點費，符合本次政府為軍公教人員調整 4%薪資的政策美意。 另，我國教師並未設有加班費，現行「課後輔導」及「重修及補修」以 420 至 550 元為基準 ，應採以勞工之加班費計算，例如：第 9-10 小時原鐘點費乘以 1.34 計算，以此類推。方能符合 我國對於教師勞動權益的重視，切勿將教師視為廉價勞工，連帶影響教學品質。"
"11-1-4-9",11,1,4,"羅智強","2024-03-06","本院羅委員智強，鑑於我國教育提倡各學科教學均衡，開設課程囊括人文學科及自然學科，自然學科教育過程需實驗動手體驗，然現行學校多缺乏自然學科之實驗室管理人員，化學品及實驗室管理恐致使校園安全出現漏洞，特向行政院提出質詢。","依據「高級中等學校實驗室管理指引」規定，實驗室應設有專人管理，其職責包括，諸如定 期與不定期檢查各項實驗器材及設施之安全性，及校正維護，並協助各科每個實驗的預備器材、 配置藥品、實驗的進行及實驗後，將儀器、藥品放置歸位，廢液的處理等，原已在普通型高中行 之多年。 惟原普通型高中所適用《高級中學法》，其中有技士或技佐員額編制，以臺北市為例，過去 各校四十班以下置技佐一人，四十一班以上者增置技士一人，但於 105 年 5 月 11 日廢止。新訂編 制《高級中等教育法》中，教育部所訂定發布「高級中等學校組織設置及員額編制標準」，其中關 於學校職員技士、技佐的員額編制，僅見於技術型高中及綜高專門學程，未列普通型高中，導致教 師反應普通型高中出現實驗室管理上的困難。 105 年後，普通型高中原本任職校內之技佐或技士多以佔幹事員額留在校園內協助業務，然 並未解決原專職專責人員管理實驗室與化學藥品等校園業務，對於管理上之所需卻有缺乏之情 形，恐造成校內沒有化工或化學背景的人員執行管理工作，導致校園意外事件。 考量 108 課綱將大幅提升自然科學探究與實作課程，行政院應就現行普通型高中校園內， 相關實驗室及化學物管理人員編製、管理指導原則進行說明並改善，避免校園管理與教學困境 。"
"11-1-4-10",11,1,4,"羅智強","2024-03-06","本院羅委員智強，有鑑國內少子化趨勢，我國高中教育普遍認為應朝向精緻化邁進，教育部主管之公立高中職班級人數，109 學年為每班 35 人，教團與家長團體仍盼現行班級人數再次調降，利於高中教育精緻化再次提升，有關高中職班級人數規劃方向，特向行政院提出質詢。","少子化為我國人口走向之大趨勢，教育部已拍板高中教育朝向精緻化，國教署將教育部主 管之公立高中職班級人數，調整為 109 學年為每班 35 人；後續規劃朝向民國 113 年可望減為每 班 34 人，114 年預計再減為每班 33 人；私立高中職班級人數也由 109 學年每班 45 人，民國 113 年可望減為每班 44 人，114 年預計再減為每班 43 人。 然而後續中央規劃之調整規劃仍未實現。自 2024 年八月起，基隆市政府推動高中教育精緻 化，將四所市立高中班級人數自 35 人調降至 30 人，提升高中教學品質。 依教育現場所反應，認為班級人數調降至 30 人，降低師生比，利於學生分組學習、探究實 作與適性教學，促進開設學校特色課程，達到多元同儕的學習效果；也認為降低班級人數，能 讓教師素養教學以及差異化教學更為有效落實，是符合世界潮流的教育方式。 經查教育部統計處所公布之資料，民 106 至民 111 年的高級中等學校平均每班人數逐年下 降，由 35.8 人下降至 31.2 人，考量人口趨勢仍處下降階段，應通盤規劃因應方式；又見 2020 年主要國家各級學校平均每位教師教導學生人數，我國於高級中等學校的師生比例 14.2 仍高於 OECD 國家的 12.6，足證明朝向高中教育精緻化仍尚待努力，方可落實精緻教學的目標。 將班級人數調整為最合適的班級規模，有助教師對學生的多元化照顧，更貼近學生的學習 並進而個別化關注到學子的學習。如此一來，學生在自主學習或多元選修中，因小班學習模式 ，除了參與競賽活動機會多元，更可增加與教師對談機會，有益師生相長及互動機會增加。"
"11-1-4-11",11,1,4,"羅智強","2024-03-06","本院羅委員智強，針對現行高級中等學校教師員額過低及教師授課基本終點過高，致使高級中等學校教師負擔難以維持教學品質、影響學生受教權益，就 108 課綱上路後高中教師人力規劃及授課時數，特向行政院提出質詢。","於 108 課綱上路初期，即有教育產業工會呼籲應增置高中教師員額及降低每週授課基本節數 ，以符合 108 課綱素養教學及多元選修課程開設之教學需求，有利於提升學生受教品質。 經教育產業工會反應，現行教學現場因開設選修課程多元，為不壓縮教師針對各課程之備課 時間、專注於更為深化的授課內容，應調高普通高中教師員額由每班平均 2.25 名增加至每班 3 人，技高則依不同群科等比例調高，以符合課綱與教學現場之實務需求。 高級中等學校教師為因應 108 課綱，除了需花時間及心力開設多元選修課程、彈性課程等， 也要將各項議題融入課程。在課程轉背上，必須花費更多心力。為使課程設計及教學能不斷修正 與調整，應降低教師基本授課終點，讓教師有更多心力投注在課程研發、設計與實施。 此外，提高教師員亦額有助於改善血汗代理教師的現況。教團也多次疾呼，調整教師員額結 構性問題。全國代理暨代課教師產業工會理事長黃湘仙曾表示，學校聘任專任教師，就是希望能 提供好的教學品質，如今卻因要處理行政，把教學需求「外包」給領鐘點費的代課教師，教育部 應回頭處理員額結構問題，不該本末倒置。 民進黨在野時期曾與馬政府爭辯，誰先說出「窮不能窮教育，苦不能苦孩子才怪」，然而現 在卻是以苛刻老師、壓榨教師的方式，來榨取教育資源，不只容易導致教師人才流失，實質上也 壓縮學生的受教品質，行政院應正視高級中等學校教師員額過低、教師授課基本終點過高的教育 問題，不能一再漠視教育產業工會所提出的意見。"
"11-1-4-12",11,1,4,"羅智強","2024-03-06","本院羅委員智強，有鑑於「十二年國教」為我國政府提升國民總體教育知識水準政策，為有效推行不應有差別化待遇，現行前九年國民義務教育之多項教育政策補助，與後三年之國民基本教育之補助政策明顯脫鉤、未有一致，特向行政院提出質詢。","民國 103 年 8 月起，十二年國民基本教育分兩階段，前九年為國民教育，依「國民教育法」 及「強迫入學條例」規定辦理，主要內涵為：普及、義務、強迫入學、免學費、以政府辦理為原 則、劃分學區免試入學、單一類型學校及施以普通教育。 後三年為高級中等教育，依「高級中等教育法」規定，主要內涵為：普及、自願非強迫入學 、免學費、公私立學校並行、免試為主、學校類型多元及普通與職業教育兼顧。 固然後三年之國民基本教育採非自願強迫入學，經查內政部統計資料，我國高中職以上學歷 已佔有人口 78%，扣除中高齡族群所屬早期教育背景，年輕世代就讀高中職之比例近乎等同國民 義務教育，應等同視之。 然而，在教育部宣布於 111 年「起班班有冷氣，並補助領氣費」，以及國中小營養午餐基於 營養食安的理由補助每餐每生 10 元，並未出現在高級中等學校之中。上述兩項政策教育部說法 為，國中小為「國民義務教育」，高中職為「國民基本教育」，此邏輯與上位政策顯有不符，既 以訂定十二年國教政策，就應將高中職共同列入補助範圍，完善政策環境。"
"11-1-4-13",11,1,4,"鍾佳濱","2024-03-06","本院鍾委員佳濱，茲因公營事業未區分是否涉及國家安全或國家機密之機關及職務，一律規定不得進用兼具外國國籍之國民，為保障人民之權利，爰此特向行政院提出質詢。","一、經濟部所屬事業機構人員進用辦法第 9 條第 1 項第 2 款：「有下列情事之一者，不得派（ 僱）用：二、具中華民國國籍兼具外國國籍。但其他法律另有規定者，不在此限。」其立 法理由謂：「……二、本條不得派（僱）用之規定係參照公務人員任用法規定訂定。三、 查國籍法第二十條規定略以，中華民國國民取得外國國籍者，不得擔任中華民國公職，但 公營事業中對經營政策負有主要決策責任以外之人員，經該管主管機關核准者不在此限。 考量國籍法就規範國營事業人員部分，係授權由主管機關得就國營事業之特性訂定其從業 人員之國籍規範，本部所屬國營事業均涉及國計民生或能源安全等國家之重要事業，有關 國籍之規定有其必要，又基於事業機構管理之一體性，僱用人員仍需適用。」 二、惟 111 年 5 月 10 日修正之公務人員任用法第 28 條，增訂第二項規定：「前項第二款具中 華民國國籍兼具外國國籍者，無法完成喪失外國國籍及取得證明文件，係因該外國國家法 令致不得放棄國籍，且已於到職前依規定辦理放棄外國國籍，並出具書面佐證文件經外交 部查證屬實，仍得任用為公務人員，並以擔任不涉及國家安全或國家機密之機關及職務為 限。」立法理由係考量部分國家如阿根廷國家法令或政策規定，不許可其國民放棄國籍； 如兼具外國國籍之我國人民，已透過一定程序展現其忠誠義務，基於保障憲法第十八條所 定人民服公職權利，爰增訂是類人員得不受第一項第二款規定限制，仍得任用為公務人員 。又國籍法第 20 條第 1 項第 2 款、第 2 項，不得擔任公營事業之消極事由僅有 1.對經營政 策負有主要決策責任或 2.涉及國家機密之職務。如特定事業不涉及國家安全或國家機密， 其不負決策責任之職務，即應開放兼具外國國籍之國民報考並進用。 三、公營事業人員雖非法律上狹義之公務人員，惟進用、考核、退休、撫卹仍有一定程序，在 人民心中已與公務人員幾乎無異。請經濟部檢討所屬事業之性質是否涉及國家安全或國家 機密。如有不涉及機密之職務，即應開放進用。"
"11-1-4-14",11,1,4,"蔡其昌","2024-03-06","本院蔡委員其昌，鑑於近年癌症登記報告顯示攝護腺癌是國人十大癌症之一，名列第六名；若以性別細分，則專屬男性第五名，每年約有七千多位確診，其中三分之一是確診後已經第四期，相當嚇人。然而，攝護腺癌只要透過血液檢查就可早期篩檢初步狀況，但卻未列於衛生福利部國民健康署免費癌症篩檢項目之一，導致許多民眾錯失早期偵測癌症及治療癌前病變的良機，爰此，建請行政院將攝護腺癌納入免費癌症篩檢項目，或納入社區健康檢查項目，擴大該癌症篩檢，透過早期篩檢、早期發現，進而大幅降低其死亡率，特向行政院提出質詢。","一、依據最新衛生福利部 110 年癌症登記報告，十大癌症發生人數（男女合計）依序為(1)肺癌 (2)大腸癌(3)女性乳癌(4)肝癌(5)口腔癌（含口咽、下咽）(6)攝護腺癌(7)甲狀腺癌(8)胃 癌(9)皮膚癌(10)胰臟癌。若細分男、女，110 年男性癌症發生率，前五大依序為大腸癌、 肺癌、口腔癌（含口咽、下咽）、肝癌、攝護腺癌。其中攝護腺癌發生人數約為 7,481 人， 標準化發生率為每 10 萬男性人口 35.3 人；女性前五大是乳癌、肺癌、大腸癌、甲狀腺癌、 子宮體癌。 二、癌症預防、篩檢乃癌症預防最重的工作，早期偵測癌症及癌前病變可大幅降低死亡率，因 此衛生福利部國民健康署於 2010 年起運用菸品健康福利捐擴大推動：子宮頸癌、乳癌、大 腸癌、口腔癌等四癌免費篩檢、2011 增加肺癌免費篩檢，但卻獨漏具成本效益的攝護腺癌 症篩檢，其實只要透過抽血檢驗就可以早期發現攝護腺癌，但政府卻未將此列入免費癌症 篩檢項目，110 年約有 7,000 多人罹患攝護腺癌，其中三分之一卻因太晚發現，處於第四期 ，不只治療困難，病人痛苦，也耗費相當大的醫療資源。 三、綜上，要求建請行政院將攝護腺癌納入免費癌症篩檢項目，或納入社區健康檢查項目，擴 大該癌症篩檢，透過早期篩檢、早期發現，進而大幅降低其死亡率。"
"11-1-5-15",11,1,5,"謝龍介","2024-03-13","本院謝委員龍介，鑑於我國主要消費市場位處北臺灣，常需大型車輛南來北往載運暢貨，串聯產業供應鏈。惟民眾反映，國道服務區及地磅站停車及廁所之設置仍未完善，致生不便。為建立國道服務區及地磅站友善駕駛環境，特向行政院提出質詢。","一、對於經常南來北往的駕駛，使用高速公路可說稀鬆平常，如果開長途想要休息，服務區提 供的車位、餐點以及廁所等設施，對駕駛來說都非常重要。如果因為設施數量不足，導致 駕駛人無法休息，反而導致更多的疲勞駕駛，也增加使用國道的風險。 二、關於服務區停車空間，國道服務區為提升停車位之使用周轉率，調控車種停放比例，有於 例假日將大客車停車位機動調整為小客車停車位之情形。就此，請研議大客車臨區尖峰時 間，將小客車停車位機動調整為大客車停車位之可行性；或提高大客車停車位比例，再依 小客車停車需求機動調整。 三、廁所部分，經查全台（南北向）共有 44 個地磅站，請研議全面設置簡易廁所供有裝卸需求 之停、等大客車駕駛使用之可行性。或評估先予開放員工廁所，以供不時之需。"
"11-1-5-16",11,1,5,"鍾佳濱","2024-03-13","本院鍾委員佳濱，鑑於近年臺灣少子化嚴峻，也衝擊小兒科醫師人力招募，兒科專科醫師考試連續 3 年報考人數創新低，去年創下 11 年來最低紀錄，恐致兒科很可能在 5 年至 10年後完全崩潰，兒童若生急重病，可能要出國看醫生。特向行政院提出質詢。","一、因少子化病人數減少，急、重、難、罕的患者數跟著降低，而臨床上也因少子化讓病例變 少，因此跟國外相比在面對不同疾病上互有高低，兒科醫師可能未來就得要到國外受訓、 累積經驗。 二、看一個兒童病患所花的精力，跟看成人差很多，特別是嬰幼兒，打針不一定一針到位，耗 費醫材又要哄，需多人同時協助，時間、人力都是成本考量。另小兒科病患經常無法配合 檢查，光是一般理學檢查，便有可能不斷扭動與哭鬧，若想進一步做篩檢與抽血，往往會 耗費大量時間與人力，還需花費一訂時間向病患家屬解釋與說明病因。 三、據 2018 至 2022 年衛福部統計專科醫師核准給證人數，兒科已從 135 人降至 126 人，在醫 學中心甚至可見 50、60 歲的主治醫師忙著值班，做著住院醫師的工作。台灣兒科醫學會統 計，衛福部在 2013 年為上述五科每月加薪 1 萬元補助後，兒科住院醫師每年招收率達 9 成 以上，但 2021 年補助停止後，連續 3 年招收率下滑降至 7 成 3，去年只有 95 人投入兒科。 四、建請衛福部於兒科專科醫師健保點值採固定點值並適度調整，改善國內兒科醫療環境及提 高基層兒科照護品質。 五、建請衛福部編列相關預算補助醫師出國進修，主要針對新生兒照顧、兒童重症照顧、兒童 癌症、遺傳性疾病診斷跟治療等四個領域。"
"11-1-6-17",11,1,6,"羅智強","2024-03-20","本院羅委員智強，有鑑於因人口少子女化、公部門薪資待遇及環境未符青年世代之求職者預期，公務人員報考率逐年衰退，十年減幅高達 56.12%，為有效提升國家遴選培育政府治理人才，應總體檢視現行公務人員待遇，特向行政院提出質詢。","【延長育嬰留停薪津時間】 為有效提升報考人數，改善薪資待遇是辦法之一，然政府整體急遽拉高整體薪資待遇，可能 導致國家財政緊張，另項辦法則為創造優質的工作環境。有鑑於考試院在「重要業務執行情形」 中有提到「營造友善育兒環境」，為了配合政府推動「建構而新懷孕，友善生養環境」，請具體 說明，目前考試院規劃的方向為何？ 對於大部分年輕人而言，要敢生敢養最重要的事情，在於穩定的經濟環境，依「全國教育產 業總工會」的陳情，希望能夠將育嬰留停薪津的時間，從 6 個月延長到 12 個月，請問貴院總體 想法為何？ 參照銓敘部初步回應該工會函文，通篇認同立意良好，但沒有明說可行與否，只提及會審慎 研議，請問考試院目前「審慎研議」之進度為何？請在兩週內具體回覆辦公室。 我國整體勞動環境，在民間企業整體誘因已遠超公務員了，甚有自行延長勞工之育嬰留停津 貼，鼓勵年輕人生育與招募入職，未來如果公家單位如不跟進，若想年輕人報考公職只會更加困 難。 【退休待遇重新盤整】 在貴院之業務報告中，可見銓敘部所屬一項業務為「研修生活困難退休公教人員」的部分。 我們都知道，今（113）年政府，因為通膨嚴重再度調薪，其中包含「軍公教人員定期退撫與給 付金額」，然仍感到尚有不足之處，本席認為銓敘部並沒有真實的反應退休公教人員的生活壓力。 從主計處的消費者物價指數來看，近年薪資與退撫金調整幅度並沒有實際反應物價，事實上 退休族群除了所得下降外，實際花費並沒有減少。依日本學者藤田孝典的《下流老人：即使月薪 5 萬，我們仍將又老又窮又孤獨》所言，退休長輩可能因為年紀緣故，較青壯年時期產生疾病， 需要高額醫藥費、進駐安養中心費用，在少子女化的人口趨勢下，甚至有別於過去傳統說「養兒 防老」的觀念，長輩擔憂年輕人連養活自己都很艱困，不敢開口向兒女求援，老後很難由子女奉 養，成為下流老人。 很多退休的長輩，當前期待的是政府能夠調整「公務人員退休資遣撫卹法」，讓政府能夠依 照實際消費者物價指數進行修正，而不是以恩賜的方式，不定時不定期的去做檢討，讓他們真的 老有所終。請貴院答覆最近一次之調整計算公式與決策說明。 【薪資調漲檢討法制化】 司法及法制委員會已透過臨時提案，要求人事行政總處針對軍公教調薪機制法制化，兩個月 內送交本委員會。在《公務員人員退休資遣撫卹法》的部分，本席也希望能夠辦理修正，以完整 透明的調整計算機制，就像報告中貴院提及，要照顧退休公教人員的承諾，相關計算機制應該比 照勞保、國民年金，全國的老年給付應該是一致隨消費者物價指數累計成長率如實調整，不應差 別待遇、一國數制，不只能夠照顧到退休公教人員，也才能向年輕人展示，公務人員的鐵飯碗， 雖然在薪資待遇上相較民間企業未有顯著差異，但以長期而言，會獲得國家穩定照顧，應當重新 進行法制化檢討。"
"11-1-6-18",11,1,6,"鍾佳濱","2024-03-20","本院鍾委員佳濱，鑑於近年多種建材和設備使用歐美及日韓高級品牌供各建案使用販售，然實際生產製造地為中國、南亞和東南亞，為推廣房地產市場透明化、保障民眾知的權利及避免民眾受劣質建材和設備損害權益，特向行政院提出質詢。","一、常有建材及設備進口商以歐美日韓高級品牌貼牌做包裝，實際為中國、南亞和東南亞貼牌 之次級品或劣質品。造成民眾以為花高價購買房屋使用歐美日韓高級建材及設備，實為低 價次級品或劣質品，造成日後維護、維修及保養花費鉅款。此種趨近於詐騙行為，政府有 責保障民眾權益。 二、建請內政部於「預售屋買賣定型化契約應記載及不得記載事項」第一款應記載事項中，第 十一項「建材設備及其廠牌、規格」中增加建材設備強制產地揭露於合約及廣告，並於交 屋時交付產地證明與買方。 三、建請內政部規範建商所售新成屋，需將建材和設備強制產地揭露於合約及廣告，並須附產 地證明於買賣合約附件。"
"11-1-6-19",11,1,6,"黃建賓","2024-03-20","本院黃委員建賓，有鑑於社會住宅成為 OECD（經濟合作暨發展組織）國家實踐居住正義重要政策，以保障維護基本居住人權，然我國目前社會住宅相較於總體住宅存量極低，可以申請的族群類別卻極寬，導致社會住宅供需失常。在嚴重供不應求的情況下無法真正保障青年就學族群、就業階段民眾及弱勢族群，故在國內社會住宅存量嚴重不足下產生爭議，請內政部研議參酌不同地區給予縣政府彈性調整出租門檻及保障弱勢族群之比例。爰此，特向行政院提出質詢。","一、由於臺灣遲至 21 世紀才開始興辦社會住宅，目前社會住宅存量極低，根據今年一月內政部 國土管理署最新的住宅資訊統計彙報，2024 年全國目前住宅存量為 929 萬戶，其中已完工 或興建中的社會住宅為 5 萬 9,329 戶，僅占住宅存量 0.66%，對比其他先進資本主義國家， 日本社會住宅比例為 4.9%，新加坡為 8.7%，韓國則高達 9.4%，都比我國社會住宅存量高出 不少。 二、根據《住宅法》規定，社會住宅係指由政府興辦或獎勵民間興辦，以低於市場的租金，出 租給無自有住宅、且家戶經濟未達一定所得與財產基準者。又內政部《興辦社會住宅出租 辦法》更明確規定，社會住宅申請者的家庭年所得，應低於申請時當地 50%分位家庭平均 所得，且家庭成員每人每月平均收入不超過最低生活費 3.5 倍。以台北市為例，申請人每月 收入僅需低於 59,518 元同時無自有住宅即可，依現行條例之低門檻標準，將大量稀釋真正 處於青年族群就學、就業階段居住之民眾。 三、另根據《住宅法》第四條規定，主管機關及民間興辦之社會住宅，應以直轄市、縣（市） 轄區為計算範圍，提供至少百分之四十以上比率出租予經濟或社會弱勢者，另提供一定比 率予未設籍於當地且在該地區就學、就業有居住需求者。在社會住宅存量不足之現況，且 一般戶現行條例低門檻標準下，其出租予經濟或社會弱勢者之比例僅百分之四十尚顯不足。 四、綜上所述，為符合社會住宅成立之意旨，應確保青年就學族群、就業階段居住民眾、弱勢 族群之居住需求。爰此，建議內政部檢討現行《興辦社會住宅出租辦法》所規範研議規劃 進而調整出租門檻。另對共九類弱勢族群提出統計分析報告，並針對經濟或社會弱勢者之 出租比例進行滾動式調整，進一步落實居住正義並提高社會住宅的效益。"
"11-1-6-20",11,1,6,"陳菁徽","2024-03-20","本院陳委員菁徽，有鑑於 2019 年蔡英文總統提出「大南方大發展南台灣發展計畫」，其中包含「用聚落帶動發展」、「用交通連結世界」等四大策略，加強對產業聚落、交通建設、新農業及觀光的投入，以推動南北均衡發展。近年來，中央政府針對高雄市挹注大量資金，惟相關配套、政策以及執行成效卻未至臻完善，顯見政府執行不力，實應通盤檢討，研擬精進作為，特向行政院提出質詢。","一、高雄工業經濟總體產值之百分之六十，是由製造業所創造貢獻，惟僅提供近百分之三十之 就業機會，其中高雄經濟命脈仍仰賴於鋼鐵、石化、造船等傳統大型產業，亟需轉型改善 。如何將三大傳統產業朝向高品質化、高價值化，對於高雄市未來發展至關重要。 二、針對目前路竹科學園區、橋科科學園區、台積電設廠區域、仁武產業園區、亞洲新灣區 5G AIoT 創新園區等，雖已有高科技產業之雛形，惟與中北部之科學園區相較之下，其實質產 業內容、推動力道及推進速度均有所不足。以及針對台積電從 27 奈米轉成 7 奈米再轉成 2 奈米製程，用水量將會大大擴增，對此行政機關應儘速提出解決方案。 三、高雄市改制前總人口為 277 萬人口，如今已減少至 273 萬人口，相較台中已從原先 268 萬 人口提升至 283 萬人口，其原因正是台中科學園區之投資力度大，以及台中市之生活機能 及生產皆有完整配套。再者，高雄地區 16 間大學院校畢業生統計調查顯示，近百分之六十 以上之畢業生離開高雄市尋求更好的發展機會，顯見高雄之就業環境及機會仍未臻完善。 四、根據近期空氣污染之數據分析，高雄市近六年之 PM2．5、AQI 空氣品質指數以及 PSI 空氣 汙染指標，皆為全國最嚴重之都市，且我國發電方式因能源政策改變，多為液態天然氣火 力發電，惟我國天然氣儲存量僅十天上下，並且再生能源仍未有顯著提升，足以補助能源 短缺，綜上，南臺灣嚴重空氣汙染恐無法立即改善。爰此，是否調整現行能源政策，除解 決能源政策所造成之問題，以及南臺灣空氣汙染問題。 五、為推動交通平權，以及提升高雄市民眾之交通便利性，高雄捷運四線工程以及連外高速公 路，應儘速如質完工，分別為「高雄都會區大眾捷運系統岡山路竹延伸線暨周邊土地開發 計畫」、「高雄都會區大眾捷運系統都會線（黃線）建設暨周邊土地開發計畫」、「高雄 都會區大眾捷運系統小港林園線建設及周邊土地開發計畫」、「高鐵右昌學園線（紫線） 可行性研究」以及「國道七號高雄港東側聯外高速公路」，針對上述五項計畫，請行政院 提供上述必要協助，並提供計畫內容、進度等書面報告。 六、鑑於高雄市農漁業居多，面對 ECFA 恐中止，是否會對高雄市基層之農漁生計產生衝擊， 相關行政單位是否有解決及因應方式？"
"11-1-6-21",11,1,6,"吳宗憲","2024-03-20","本院吳委員宗憲，針對數位身分證因資安爭議喊卡，政府須賠償廠商二億八千萬元，這筆費用由全民埋單。經查，數位身分證政策 2021 年因資安爭議喊卡，廠商向政府求償總計逾十億元，今年 1 月經六次調解，賠償金額雖砍至二億八千萬元以下，然而內政部僅用一句「無行政疏失」帶過，費用卻由全民埋單。有鑑於數位身分證攸關全民個資安全，且龐大的賠償金額由人民的納稅錢支付，應主動向大眾交代清楚，爰此要求內政部針對數位身分證政策進行檢討，並於一個月內提出書面報告，特向行政院提出質詢。","一、經查數位身分證政策原本在 2020 年 7 月就要上路，最後因民間對個資保護提出疑慮，導致 計畫喊卡，廠商因此向政府求償加上已採購機器和場地費及維持運轉費，總金額超過十億 元，儘管經過協調，賠償費用已下降，但卻是由人民納稅錢來支付，造成全民損失。 二、另查數位身分證政策從 2016 年開始研議，事實上，早在一開始學界、資安界及人權團體就 提出個資外洩疑慮，且不斷預警資安缺乏配套措施，呼籲應暫緩，時任行政院長的賴清德 卻無視民意，執意讓政策上路，最終仍然喊卡，不僅沒有得到實質成果，還要倒賠金錢給 廠商。 三、資安事件頻傳，人民個資不斷外洩，數位身分證上路前缺乏專法，社會沒有充分溝通，政 府也沒有妥善回應民間對於法規缺失、侵害隱私權的疑慮，導致民眾對政策不信任。爰此 要求內政部相關單位，儘速完成檢討報告並送至立法院，給民眾一個完整的交代。"
"11-1-6-22",11,1,6,"吳宗憲","2024-03-20","本院吳委員宗憲，針對去年我國假投資詐騙案件數創新高，造成多數民眾血本無歸。經查，我國目前尚未有可監管處罰虛擬幣犯罪之專法。有鑑於詐騙集團常利用個人幣商收取贓款，一旦被查獲就稱自己是個人幣商，對相關交易不知情，因此常獲不起訴，爰此要求法務部與金管會儘速針對個人幣商之管理研議專法，並將其研議結果以書面報告送交立法院全體委員，特向行政院提出質詢。","一、經查我國假投資詐騙去年創新高，刑事局統計，假投資逐年上升，為財產損失最高的詐騙 手法，去年共發生 1 萬 1,405 件，財損總計約新台幣 53.4 億元，均創歷史新高。 二、另查越來越多詐騙集團為預先製作不實的加密貨幣交易紀錄單據，還提供萬一被抓時該如 何應訊的「教戰手則」，甚至與律師合作，指導共犯向檢警堅稱涉案金流皆為加密貨幣交 易，自己只是個人幣商，仲介虛擬幣買賣，款項是交易所得，並提供交易紀錄截圖，如此 一來很容易脫罪成功。 三、檢方指出，類似詐騙案件層出不窮，大多數幣商最後都獲得不起訴，因此造成受害者數量 愈來愈多，詐騙金額也愈來愈龐大。爰此要求各部會相關單位，儘速研議專法，保障民眾 財產安全。"
"11-1-6-23",11,1,6,"吳宗憲","2024-03-20","本院吳委員宗憲，鑑於衛福部於本（3）月 4 日廢止掛號費用調整備查制度，取消健保掛號費上限，此舉引發民間反彈；若就此將掛號費收費全權交由各醫療院所自行決定，美其名曰回歸市場機制，然而將產生的後續效應無可估量，醫療單位想漲就漲，又並無新設或加強現行防堵聯合漲價行為之機制，可能將貶抑民眾就醫意願以及增加其於醫療上之付出。爰此，建請全民健保主管機關衛生福利部，研議暫緩廢止掛號費上限，特向行政院提出質詢。","一、依《全民健康保險法》第 4 條：「本保險之主管機關為衛生福利部。」；依同法第 5 條第 一項第四款，有關保險政策、法規之研究與諮詢由衛福部下轄之健保會辦理。本次既涉及 健保掛號費之規範，故建請衛福部予研議。 二、承上，衛福部日前亦指出掛號費從七十幾年便定位為行政費用，沒有法律依據加以限制， 向來由衛福部（從前之衛生署）決定並公告實行之；本席認為非無疑義，故應比照上點一 併交由部會商討、採量各方意見後決議是否亦納入《健保法》等相關法規加以規範。 三、依照《健保法》第 51 條第十款，病人交通、掛號、證明文件不列入健保給付範圍，故本部 分負擔全數由人民自行承擔；因此，為負起中央應負之責任，充分保障民眾之生命身體法 益及財產權，政府更應積極作為，若逕直拔除收費上限之規定，恐難將費用之收取持續維 持於合理範圍內。 四、根據家扶基金會公布的「2018 年弱勢家庭健康醫療調查」，受訪的 1,264 戶家庭中，有 1,626 個生病人口，其中達 23.8%家庭的工作收入難以負擔醫療費用；在「醫療貧窮」並不 少見的狀況下，社會上相對弱勢者因不能或者不捨得花錢看病，而將「小病拖成大病」的 案例更是屢見不鮮，比如曾經有案例年長者遲遲不肯就醫，導致原先普通的外傷傷口持續 感染，最終患上蜂窩性組織炎。因此，政府應正視醫療費用加諸弱勢群體的負擔甚鉅，逕 行取消掛號費上限必然將使這類人群更難透過醫療行為獲得健康，實欠缺考慮。"
"11-1-7-24",11,1,7,"丁學忠","2024-03-27","本院丁委員學忠，鑑於半導體業為我國重要產業，行政院各機關對廠商進駐全臺灣各地園區規劃極為重要。近年來台灣積體電路公司因技術不斷提升，於各地區設廠需求規劃大幅增加，為考量區域平衡及各項條件，建請經濟部與國科會等單位，請行政院應儘速規劃並協助台灣積體電路公司新世代廠設置於雲林縣產業園區，特向行政院提出質詢。","台灣積體電路公司（下稱台積電公司），已宣布啟動下一世代設廠建置計畫，並已於去年接 洽雲林縣政府實際進行訪查，有鑑於半導體公司為我國重要產業，台積電更為全國重要擁有高階 技術之領導廠商，為求技術安全應優先將先進製程設置於國內。經檢視，全國各地科技園區之條 件，雲林縣虎尾地區擁有完備條件，不僅交通便利，透過高鐵至雲林後，出站五分鐘就可抵達中 部科學園區虎尾園區，貨物輸出也可就近透過鄰近的麥寮港快速完成貨運。另目前檢視全臺，也 僅有雲林縣有單一土地面積可達 1,200 公頃之園區土地，可立即啟動大型晶圓廠規畫設置，不缺 水電，又有雲林科技大學、虎尾科技大學的人才。行政院下轄有經濟部及國家科學委員會等機關 ，主要規劃國內科學園區分布與協助建廠等工作，建請儘速輔導台積電設置於雲林縣。"
"11-1-7-25",11,1,7,"羅智強","2024-03-27","本院羅委員智強，有鑑近期發生社會矚目之嚴重虐兒致死案件，衛福部所提「社會安全網推動情形及策進作為」顯有不足，未有明確訂定未來精進及防範機制，難強化現行兒童收托照顧制度未盡之處，特向行政院提出質詢。","在本次報告中提到「地方政府分工非中央政府權責，地方政府應明確跨科（室）案件分工合 作機制；如涉有跨縣（市）爭議者，由中央協助釐清。」，然本案委託之兒聯盟是由中央單位所 委託，難免會讓民眾感到中央單位，有刻意指地方政府分工不明確，撇清責任的觀感，應當針對 中央與地方權責，邀集地方政府進行研議。 在衛福部保護服務司的統計中，從 106 年到 112 年上半年度的「兒童及少年保護─遭父母、 照顧者等家庭成員施虐死亡之人數及原因」數據有歷年有 14-29 名不等的孩子，包含嚴重受虐死 亡、嚴重疏忽死亡、殺子後自殺的狀況而離開人世。 但我們所見的統計僅有「家內受虐致死」，本次個案狀況卻是屬於家外，過去是否有類似統 計？請在兩週內提供，近十年之家外受虐與受虐致死統計數量。 此外，在本次個案中，台北市政府於 2023 年 12 月 25 日接獲通報後，在 12 月 25 日、27 日 就曾二度向衛福部反應要啟動「重大兒虐檢討會議」，但衛福部先說不是家內施虐所以不開案， 後來又說跨科室業務需要研議，再無回復。現行對於「重大兒虐檢討會議」的定義跟要求是什麼 ？後續檢討之機制為何，請一併彙整後，送本辦公室。 從衛福部所整理之時間表可發現，北市社會局在整個期間，沒有收到兒福聯盟的任何異常通 報，當然北市社會局依規要一年訪視四次，在 9 月 26 日完成訪視後，接著的下一次是 12 月初。 但在過程中，衛福部的是否有接收到來自兒福的通報，無論是 9 月 26 日第一次看到看到案童頭 上瘀青，第二次安靜，較無精神，第三次有異常掉牙的情況。衛福部是否有接收到相關通報？ 民進黨發言人指，男童死前理應前往查訪 4 次的台北市社會局只去了 1 次。但依居家式托育 服務提供者登記及管理辦法第 18 條規定：首次訪視，應於收托後 1 個月內進行；提供全日、夜 間托育服務者，「每年訪視 4 次」。 本案孩童 9 月始托，北市居服中心 9 月 26 日就前往訪視，並依中央政府各項指引評估，當 次並無異狀；後續應由中央政府委託的兒福聯盟社工定期 1 個月訪視 1 次，了解兒童照顧狀況。 前述所指，一年訪視 4 次，如果兒童在 9 月收托，也是要在 12 月之前完成四次訪視嗎？ 【若收托家庭染疫，衛福部指導為何？】 外界有傳言，台北市居托中心原先預計 12 月中下旬原預計無預警訪視，但 12 月 21 日接獲 保母主動通知同住家人確診訊息，所以延期，現在衛福部對於保母打給訪視員說有人確診，請問 訪視員應該去，還是不應該去？ 訪視員所訪視的對象，往往都是免疫力高敏感的群體，如果已經有接獲通知了，還要訪視員 前往，本來就因為人力吃緊的訪視員因此病倒，反而造成整個體系的崩壞；甚而還有可能因為因 為染疫，而造成連帶其他被訪視的個案受感染。衛服部現行提供給訪視員參考之指導原則為何？ 【要求建立共訪機制】 衛福部所提送報告中，提及未來會強化「收出養媒合機構訪視機制：強化媒合機構之社工之 專業知能及對兒童虐待之敏感度與辨識能力，並提升訪視頻率、建立訪視機制及標準化流程」， 確實有助於本次系統性的缺失修復。 然而社工長期低薪過勞，又要承受沉重的心理壓力。近年來社工系學生實際投入社工領域工 作的約只有 25%。資深社工不斷離職、新進社工不願投入。各地方政府保護性社工現有人力只有 合理員額 5 成，工作量無疑倍增。 有關「檢討重大兒虐事件處理機制：各級政府應明確分工，屬重大兒虐案件之主管權責應以 負責保護服務體系之主管單位為主責」，在這邊提到的「保護服務體系之主管單位為主責」是指 誰？是中央還是地方，這點還是要講清楚，不然又變成未來權責不清。 本次個案是新北市出養的孩子，由中央委託兒福聯盟，兒福聯盟找到保姆，保姆是在臺北市 執業。希望能透過共訪機制，讓更多人能夠注意到問題，就可以避免這樣的事情發生。所以包括 委託方、受託方、保姆轄管方，有共訪機制的建立，希望中央地方一起來做。 在共訪機制建立前，已要求社會局即刻提高訪視頻率，對於出養孩子在中繼受保姆托育，提 高至每月訪視一次；對於全日托育，就是一整天都在保姆家的全日托育的情形，提升至每年至少 6 次。另外大家很關心保姆的領證、考核、評鑑以及家長推薦這樣的機制，也請衛福部跟地方社 會局即刻來規劃。 另，未來針對家庭狀況較特殊、無依靠或家庭失能，沒有辦法即刻回到原生家庭等的孩子， 除了讓保母成為出收養之前的中繼外，希望寄養家庭也能成為選項。臺北市已經修法提高對於寄 養家庭的獎勵金，希望透過增加量能，讓更多人加入這個行列，發揮相關的功能。"
"11-1-7-26",11,1,7,"李坤城","2024-03-27","本院李委員坤城，鑑於機場捷運 A2 三重站及 A3 五股產業園區站相距 3.8 公里，地方民眾及民意代表認為距離過長，呼籲中間增設 A2a 站，嘉惠周邊眾多民眾，爰請行政院排除萬難研議機場捷運 A2a 站增設之可能性，特向行政院提出質詢。","一、捷運 A2 三重站及 A3 五股產業園區站中間距離超過 3.8 公里站距過長。該處位於二重堤防 旁，鄰近二重重劃區及舊市區，該區附近有穀保中學、東海高中、二重國中、二重國小、 三重商工等學區，通勤通學捷運人口眾多，實有增設 A2a 站之必要。 二、長久以來，A2a 站一帶其經濟及交通發展不如三重其他區域發展快速，為均衡三重區域發展 ，在地居民皆引頸企盼此一重大公共交通建設能早日完成，爰要求行政院務必研議機場捷 運 A2a 站增設之可能性。"
"11-1-7-27",11,1,7,"李坤城","2024-03-27","本院李委員坤城，鑑於民國 95 年 1 月 25 日制定之都市更新事業優惠貸款要點，實施以來，案件量未達預期，其中貸款期限上限六年，恐是讓業者怯步之主因，爰要求行政院檢討依個案狀況適度延長，特向行政院提出質詢。","一、內政部為落實都市更新，引導民間投資都市更新，帶動營建產業，提振經濟景氣，以運用 中期資金協助民間籌措都市更新事業資金。行政院於民國九十五年一月二十五日制頒之都 市更新事業優惠貸款要點。 二、要點第十點規定，貸款期限最長不得超過六年，寬限期視個案狀況由承貸金融機構評定， 至少一年。然都市更新案即使事業計畫經核定後，若遇釘子戶拆遷不易，以正義國宅都更 案為例於 96 年 12 月 7 日核定 96 年 12 月 7 日核定事業計畫後，後因建築物外觀及內部均 重新設計，100 年 9 月 7 日提出變更計畫案，103 年 3 月 17 日變更計畫核定，直到 106 年 2 月獲得銀行聯貸案才破土動工。 三、由於大面積之都市更新案整合困難，都市更新事業優惠貸款要點貸款期限上限六年，不符 合現狀之需求，爰要求行政院檢討依個案狀況予以分類適度延長。"
"11-1-7-28",11,1,7,"羅智強","2024-03-27","本院羅委員智強，有鑑於全臺各地建物老化所衍生安全問題日益嚴峻，近日於臺北市發生老舊公寓疑因年久失修、結構難以維持，導致地板塌陷，然現行推動老舊及危險建物更新之成效並不顯著，隨法令規範獎勵逐年下降，喪失鼓勵民眾實施之誘因，針對內政部現有鼓勵措施及政策推行辦法，特向行政院提出質詢。","有鑑於全臺各力建物老化狀況日益嚴峻，近日發生老舊公寓疑似因年久失修、結構難以維持 ，導致地板塌陷，原兩層樓之建物變一樓。經查全臺灣經內政部截至 113/01/31 統計「危老重建 計畫受理及核准案件數統計表」中，臺北市在「重建計畫受理數 989 件」及「重建計畫核准數 913 件」皆為全國最高，但對比現有之危險及老舊建築物數量，推動城市建築翻新仍亟待中央、 地方政府共同努力。 另查《建築物基礎構造設計規範》、《混凝土結構設計規範》實施公告後，近 20 年新建之 建築，更為符合臺灣特殊地理環境特性，亦透過「建築物耐震設計規範與解說」重新制定各個區 域耐震係數，結構設計、鋼筋材質、混凝土磅數等相關建築安全要求愈發周延，相形 20 年以上 之老舊建物更新，具有急迫性，待政府協助加強建築物的耐震能力及老舊結構強化。 內政部現有「階段性補強專案辦公室」所推出老屋補強政策，在政策宣傳及推廣上有不足之 處，使一般民眾對此知悉程度低，內政部應說明現行推動「建築物實施耐震能力評估及補強方案 」之積極宣傳辦法。 目前我國已逐步針對公有建築物進行耐震能力評估與補強，或是拆除重建，全面提升其耐震 能力。在私有建物上，為鼓勵民眾因應潛在災害風險，加速都市計畫範圍內危險及老舊瀕危建築 物之重建，改善居住環境，提升建築安全與國民生活品質，訂有《都市危險及老舊建築物加速重 建條例》條例，以及為促進都市土地有計畫之再開發利用，復甦都市機能，改善居住環境與景觀 ，增進公共利益，制定《都市更新條例》。 即便是相對簡易的危老重建平均仍需耗時兩年，前述兩條例在訂定獎勵容積規定時，均訂定 落日時程陸續減少獎勵；隨著獎勵條件下滑，致使本就因更新、重建成本高而卻步的民眾，後續 實施意願愈發降低。 為有利我國賡續推動都市更新及危老重建，保障居民生命財產之安全，請內政部提出書面答 覆，是否有持續規畫相關獎勵計畫，鼓勵民眾參與實施。"
"11-1-8-29",11,1,8,"黃健豪","2024-04-03","本院黃委員健豪，鑑於行政院陳建仁院長接受本院總質詢時承諾，中華民國第十六任總統賴清德偕同新任內閣 5 月 20 日就 任 前， 除 電價 確 定將 調 漲外 ， 其餘 公 用事 業 均凍 漲 。 然消 息指出臺鐵、高鐵及公路客運正研議將進行票價調漲。為維護民生需求、民眾權益及落實內閣責任政治之精神，特向行政院提出質詢。","一、電價調整導致各行各業經營成本提高，電價上漲的外溢效應提前浮現，用電大戶的大眾運 輸首當其衝，電價確定在 4 月調漲之後，臺鐵、高鐵及公路客運正研議票價調漲。 二、5 月 20 日新政府上台後目前內閣是否留任尚未定論。基於責任政治原則，政府應為其政策 負責，大眾運輸業此時調漲，倘相關決策官員在新內閣組成後均未留任，似也無法追究政 治責任，輕則影響民生，重則傷害民主。 三、爰要求行政院應再次承諾在 5 月 20 日新政府上台之前，除電價調漲外，其餘公用事業費率 均不應調漲，以維護國人權益。"
"11-1-9-30",11,1,9,"羅智強","2024-04-10","本院羅委員智強，有鑑於台灣電力公司近幾年燃煤量與碳排量均居高不下，火力電廠超額，是以造成排碳恐無碳權可抵減，與環境部長期政策相左，特向行政院提出質詢。","有關環境部至今已召開兩場碳費費率審議會，是否已訂定費率？倘未能達成原訂第一季公布 費率之承諾，碳費徵收費率時程一再延宕，恐讓本國企業無所適從，請查復碳費徵收費率 時程延宕之原因。"
"11-1-9-31",11,1,9,"羅智強","2024-04-10","本院羅委員智強，有鑑於台灣電力公司營運長期累積龐大的負債等諸多問題，以及近幾年燃煤量與碳排量均居高不下，火力電廠超額，是以造成排碳恐無碳權可抵減之情況，特向行政院提出質詢。","一、查台灣電力公司近年來負債總額呈逐年攀升趨勢，自 103 年底債務餘額 1 兆 7,319 億元（占 比 89.90%），至 111 年底增至 2 兆 1,980 億元（占比 94.52%），本院預算中心研究成果估 計，台電公司於 112 年底負債總額將增至 2 兆 4,155 億元（占比 97.09%），顯見台電公司 營運有所缺漏，相關檢討因應措施為何？ 二、據台電統計，年燃煤量在二千七百至二千八百萬噸之間，年排碳量介於九千一百萬噸到九 千八百萬噸，比第一階段的目標值八八五六萬噸高出許多。目標若未達成，經濟部的相關 處置為何？ 三、環境部於 2010 年曾為誘導產業減碳，對積極減碳者核發「先期碳權」，事業單位可拿先期 碳權抵減做「碳中和」，台電公司也各動支四百十一點七萬噸及九百五十二萬噸先期碳權 ，抵減 2020 及 2021 年火力電廠的超額碳排。如今台電公司面臨因火力電廠超額，而排碳 恐無碳權可抵減之情形，台電公司要如何解決？"
"11-1-11-39",11,1,11,"羅智強","2024-04-24","本院羅委員智強，針對現行醫事人員專業加給之不足，為展現我國政府對醫事人員之重視與鼓勵，提升新進人員入職拉力與 在 職人 員 久任 誘 因， 應 予以 調 整相 關 辦法 ， 特向 行 政 院提出質詢。","教育部為因應高教人才斷層危機，提出提升教研人員待遇政策，針對公立大專校院助理教授 以上教師學術研究加給 15%，現行我國之醫療、護理人力破洞越來越大，許多醫院更因為護理師 人力不足，病床無法開滿，連帶影響醫療服務量能。依據衛福部護理及健康照護司所統計「近五 年護理人員空缺率及離職率」顯示，2022 年護理人員空缺率為 6.53%、約 8,000 多人，其中尤以 急診護理人員最為缺乏，而總離職率達到 11.73%。不少醫事科系畢業生未執業原因，均指向執 業環境太差。 現行衛福部以推動三班護病比、夜班費獎勵、友善醫院職場營照作為主要留任手段，然成效 未見明顯，應以更為實質的手段激勵醫事人員，穩定整體醫療環境的人員穩定性，對比高教人才 斷層，當前醫事人才流失同樣嚴峻，本席認為衛福部應研議提高醫事人員之專業加給調整幅度， 以彰顯政府對於醫事人員近年之辛勞。對此，衛福部目前是否有相關計畫研議，請以書面答覆本 辦公室。 另查，醫事人員之公務人員專業加給表，區分同職系醫事人員之專業加給，分為「各級政府 機關」與「公立醫療機構及公立學校」，同為醫事人員經「考試院專門職業及技術人員高等考試 醫事人員考試」取得證書，以護理師為例，醫療機構的臨床單位所獲得加給低於衛生局等行政單 位，縱使因服務機關、機構之不同性質，訂有不同支給數額，人事行政總處、衛福部因重新考量 各機關、機構之職責程度差異，以此訂定待遇之合理差異，莫讓公立醫療機構之臨床單位感受到 剝奪感。"
"11-1-11-40",11,1,11,"羅智強","2024-04-24","本院羅委員智強，有鑑於少子女化問題成為了國安危機，教育部投入了大筆資源，透過向私立帅兒園、托兒所購買服務的方式，推行準公共化模式，欲落實帄價教保服務。惟家長、帅托業者及教師均不滿意現行政府政策之落實成果，特向行政院提出質詢。","在 2022 年的兒童節，總統蔡英文曾透過臉書表示「育兒的事情，政府一定繼續努力，要當 台灣家長的神隊友」，因此打算再度增加公共化幼兒園班級數，請問蔡政府的公共化幼兒園方 向，乃至於後續賴政府的公共化幼兒園之方向，是否將「準公共化」視為公共化指摽，不再提 升公立、非營利機構數量？期以「準公共化」代替公立、非營利機構。 然而根據 2023 年「臺灣育兒現況調查報告」之調查指出，公立幼兒園家長的滿意度 最高 8.6，準公共化幼兒園家長的滿意度最低 8.09。現行教育部自行所彙調查數據為何？其中 家長最不滿意的項目為何？請以書面資料答覆本辦公室。 根據民團調查指出，當前家長優先選擇托幼機構的三大主因，分別為「學費高低」、「師資 品質」以及「是否有違規紀錄」。我國自 2018 年起，政府為補足公幼不足，推出準公共化幼兒 園政策，由政府與私立幼兒園簽約、給予補助，提供家長較平價的教保服務。雖稱作「準公幼」 ，不過本質上仍是私人業者經營，與一般私立幼兒園同被歸類在私幼體系。針對 2019 年，教育部 曾提出預計 2024 年前增加 3,000 班，並達到國小校校都有附幼。目前計畫辦理顯未達標，背後 主要原因為何？是否放棄原設定主軸，以增設公立、非營利幼兒園之目標？請明確說明教育部 後續之政策主軸為何。 現行家長最有疑慮的，就是在於準公共化機構的品質，對家長來說，「準公共化」不單單 只是政府擴充平價教保服務的一種配套機制，家長認為這是政府認證管理的服務。然而以準 公共幼兒園來前，超過三成五的準公幼有照顧不佳的情形，六都準公幼的違規率超過三成，皆 顯示出政府在擴增的同時又未能有效評核其教保品質。教育部所提出改善與精進方案為何？ 近五年全台違規樣態與案件量，再請以書面資料答覆本辦公室。 從教育部「學前教育概況」統計來看，非營利幼兒園的比例慢慢在提升，過去教育部推動 準公幼時，曾表示準公共機制只是公幼擴充過程的過渡措施，但教育部每年大幅提升準公幼的 經費補助，甚至已逼近擴大公幼的預算。當前對於公立、非營利機構的增設目標為何？所遇到 障礙為何？ 實際上從 2023 年的《中華民國教育統計》，就讀公私幼的幼生數量比例大約是 67：33， 還是接近 7：3 整體還有很巨大的差異，現階段教育部應該再次盤點資源來加速非營利幼兒園的 比例，才能做出家長所在意的品質控管與價格比。另外，根據民間幼教協會統計，目前在公營/ 非營利/互助式幼兒園就讀的幼兒人數占比約 26%，但每人每月補助約 1.8 萬，相比於私幼（15%） 和未就學幼兒（30%）占比 45%，月補貼卻只有 5,000 元，以一個孩子 3 年補助費來看，差距可能 高達近 50 萬。這其實就有很嚴重的育兒資源分配不均的情況。公幼、非營利、互助式幼兒園並 非能涵蓋所有幼兒，在部分家庭因名額無法擠入到這些補助較多的幼兒園時，其實就有很嚴重 的托育不公平現象。繳差不多的稅，補助卻天差地遠，無疑讓讀私幼、未就學幼兒的家長， 經濟不公的待遇。建議教育部應當從經濟公平性來檢討目前的補助落差。 另，請說明教育部新的簽約辦法是什麼，應儘快公布，給幼兒園有充足的時間思考。當前 政府緩慢的公立、非營利機構設置，使「準公共化」機構在提供平價、可負擔的服務上，扮演 吃重角色，行政院應該發揮指揮協調功能，讓優質的「準公共化」機構在配合政府政策方向時 ，能夠有所依循，也真正達成政策的規劃目標。 【教保員薪資問題】 在新聞媒體上，有幼兒園的業者無奈說，現在幼教老師難找，很多園所都因師生比不符而 違規，因為幼兒園很常臨時找不到老師，卻也常因此被罰，估計有一半以上的準公幼都有違規 紀錄，如果一違規就不能續約，相信全台超過一半的準公幼都要退出。距離新簽準公共幼兒園 時間不到半年，教育部會因此而打算放寬嗎？ 政府從 2018 年推出準公共化機制，用補助私立幼托機構以大量提供平價教保服務方式來快速 解決民眾的送托需求，降低家長的負擔。同時也設定了教保人員的薪資底限，期待藉由提升或 保障幼托人員的薪資來降低高流動率與缺工的情形，但此一目標並未達成。 對於幼教科系之畢業生不願從事幼教工作。政府單位應正視主要結構問題，從根本改善教保 環境來解決缺工的問題。才不會陷入惡性循環，準公共化機構在招募上難以補齊人力而造成 違規，又因違規引發難以續約的狀況發生。 短期而言，教育部應該要確實讓準公共化幼托機構的幼托人員能如實獲得政府所規範保障。 長期而言，政府應該要大量擴充公共化幼托機構（公立、非營利幼兒園、公辦民營托嬰中心） 的量能，訂出公共化機構的時間表，才能有望達成加速公共化、減輕家長負擔、改善教保人員 薪資、穩定教保服務品質及提升幼兒入園率為政策目標，藉此提升我國生育率。 幼教聯合總會在 2022 年的調查，其訪問全台 1089 間業者，有在徵才的比例高達 68%，形同 全台都在徵才。而找不到人的最主要原因，高達 44%，竟然是無人應徵。而離職的原因，最主要 的原因，則是轉換職場，不再從事幼教，高達 45%。從數據來看，整個幼教產業，願意進入的 人少，流失的人又是直接離開，缺人問題愈加嚴重，這顯然不只是個別業者問題，而是整個產業 的問題，想請問教育部，有沒有什麼政策來協助幼教業者解決人才流失、人才斷層的問題？"
"11-1-11-41",11,1,11,"顏寬恒","2024-04-24","本院顏委員寬恒，因 4 月 15 日晚間台電桃園大潭電廠跳機，導致臺灣供電吃緊，備轉容量率一度低於 3%，險致北臺灣大停電，特向行政院提出質詢。","一、自 0403 大地震後，台電四部機組接連發生問題，4 月 15 日晚間桃園大潭電廠新 8 號機組 跳機，更使備轉容量率僅剩 2.8%，讓臺北、基隆險些陷入停電風波。惟靠台積電出手， 自備的 36 萬瓩柴油發電機與核電廠的柴油發電機都上線供電，才使北臺灣免於停電危機。 然而，短短不到一天的時間，桃園藝文特區晚間又大停電，讓民眾不免認為台電停電已 常態化。 二、目前 4 月就已發生限電及停電危機，備轉容量率更是一度剩 2.8%，不免讓民眾憂心用電 高峰期的夏季是否亦會發生同樣的狀況，屆時所需的電量勢必會比現今多出許多。又， 台電估計今年尖峰負載將會創歷史新高，增加至 4,100 萬瓩，現尚未夏季就已需靠企業出手 才能化險為夷，難以想像若是夏季會造成怎樣的災難。 三、本席認為在供電方面，台電應避免常常發生跳機導致限電及停電等問題，這不僅會造成 企業經濟方面的損失，更是帶給人民生活上巨大的不便。再者，本席更要求在陷入危機時 ，台電要有及時解決的能力，而不是要求企業減少用電，甚至需靠企業出手救援。"
"11-1-11-42",11,1,11,"羅智強","2024-04-24","本院羅委員智強，有鑒臺灣首座 IC 設計海外基地，確定落腳捷克布拉格，據查我國投入新臺幣 120 億元設置 IC 設計海外訓練基地，而晶創方案總體則為斥資新臺幣 3,000 億元經費吸 引 國際 人 才， 故 針對 海 外基 地 之投 資 規劃 ， 特向 行 政 院提出質詢。","IC 半導體產業為我國之重要戰略產業，同時為全球科技業重要供應節點，依據台灣半導體 產業協會（TSIA 所）公布最新統計，2023 年台灣 IC 產業產值約 4.34 兆元，約占台灣國內生產 毛額（GDP）13%左右。台灣在全球半導體供應國仍可占穩第二名的位置，僅次於美國，而領先 韓國、日本、歐洲、中國大陸、新加坡等地。 然而，在全球與地緣政治之影響下，各科技大國紛紛開啟半導體產業的新競合時代，台積電 成為各國競相邀請至當地的投資首選、全球晶圓代工業者生產基地更趨多元。台積電熊本一廠 於二月份開幕，而接續興建熊本二廠，產線從 40 奈米到 6 奈米，滿足當地汽車業對車用晶片 等等需求。台積電所提出的海外設廠計畫，分別是美國亞利桑那州、日本熊本及德國德勒斯登。 先進製程、下世代技術研發根留我國也才能成為此波全球供應鏈重組變局下的最佳談判 籌碼。因而行政院提出「晶片驅動臺灣產業創新方案」（簡稱「晶創臺灣方案」），規劃 113-122 年挹注 3,000 億元經費，培育、引進晶片人才與新創奠基 10-20 年後的科技國力，轄下 重要目標之一為「打造全球頂尖 IC 設計訓練基地」。 然而從國科會吳正忠主委受訪時證實，規劃多時的台灣第一座積體電路（IC）設計海外訓練 基地，確定將落腳捷克首都布拉格，預計 9 月正式營運，可望連結台歐產業鏈發展，打造國際化 的晶片設計人才培育平台。是否有現行預期吸引關鍵人才來台的目標有相違背？ 根據金融時報報導，我國與捷克於 2023 年 11 月所簽署聯合援助烏克蘭重建的工作備忘錄 、2021 年的供應鏈韌性計畫，亦涉及晶片產業的研發與設計，各項計畫主要方向為何？會屬於 「晶創臺灣方案」一部分嗎？ 該外國媒體稱，捷克科技部門的一名匿名官員透露，臺灣曾許諾投入不少於 3,300 萬美元用 於「台捷民主夥伴供應鏈韌性計劃」（Mega/Multi-Project），並詳細承諾其中「先進晶片設計 研究中心」（ACDRC）和「供應鏈韌性中心」（SCRC）兩項重點專案撥款分別為 1,350 萬美元 和 600 萬美元，然而捷克方面至今尚未見到關於該專案的任何一筆經費，而且臺灣還進一步 利用該專案威脅捷克在政治上給予臺灣更多的「尊重」和「利益」，然據傳相關經費未及時 撥發，造成捷克方不滿，甚至欲暫緩相關合作計畫。該兩項專案具體費用是如媒體報導，相關 進度為何？是否即為「IC 設計海外訓練基地」計劃？ 目前「IC 設計海外訓練基地」設置於捷克，未來是否會有其他於歐洲各國的合作案與模式 ，當前「IC 設計海外訓練基地」的設計費用是完全由台灣來出資嗎？後續該中心與「先進晶片 設計研究中心」和「供應鏈韌性中心」的所有權歸屬與管理為台灣，亦或是由合作方所有？ 研調機構 IDC 最新報告指出，地緣政治因素干擾下，半導體產業鏈產生新的區域發展變化 ，預期 2027 年台灣在全球晶圓代工、封測市占率都將下滑，其中，晶圓代工市占率將由 2023 年 的 46%降至 43%，封測市占則恐失守五成大關。為確保我國之國際與經濟關鍵地位，行政院亦 提出「晶創臺灣方案」，足顯示半導體產業於台灣重要程度，相關科技背景的國際人才與技術 吸引來台為首要任務，而非持續將產能與技術外移，況政府所挹注 3,000 億元經費為鉅款，請 行政院務必嚴格把控，切莫讓台灣花了鉅資卻又流失相關技術與人才，與培育、引進晶片人才 的目標背道而馳。上述計畫之進度、經費撥用、預計成效與後續資產歸屬等方案，請在一週內 提供本辦公室完整說明。"
"11-1-11-43",11,1,11,"林俊憲","2024-04-24","本院林委員俊憲，因近期臺南安帄、南區等牡蠣主要產區浮棚養殖牡蠣今年死亡率暴增乙事，究其原因不僅是因為蟲害侵襲，也疑似是因為近五年越南牡蠣大量進口而導致國產牡蠣延遲採收，且邊境抽驗未依相關法規進行嚴格檢核所致，為保障我國消費者及漁民權益，特向行政院提出質詢。","一、臺南市是國內牡蠣第 3 大產區，目前正值牡蠣盛產期，但上月起陸續發生爆殼死亡，損失 較以往嚴重，經水試所公布採驗結果顯示主因是類馬爾太蟲侵襲所致，水試所研判死亡率 高的牡蠣均為超過正常採收期後、仍繼續放養 3 個月以上的老蚵（原預計 12 月前全數採收 但部分因瘦弱賣相不佳、盤商不收而續養），養殖密度高、且多數均可檢出類馬爾太蟲。 根據國外文獻顯示，牡蠣感染類馬爾太蟲不會立即死亡，養殖期愈長死亡率愈高。但為何 蚵農會持續放養牡蠣而不採收？主因就是越南牡蠣的進口壓縮我國牡蠣的需求，目前正是 台南牡蠣產季，蟲害與進口牡蠣內外夾擊，影響蚵農更為嚴重。 二、近年來越南牡蠣進口量逐年增加，嚴重打擊到台灣牡蠣，進出口資料顯示，2021 年進口越南 牡蠣 1659 公噸，2022 年增為 2808 公噸，到了去年已躍增至 3937 公噸，而今年前 3 月為 1285 公噸，較去年同期多 575 公噸。而進口牡蠣數量大增，其夾帶著價格優勢也令國產蚵 不得不在今年過年期間降低採收量，並延緩收成，才導致大量未採收牡蠣遭病蟲侵害。 過去越南牡蠣曾多次被驗出諾羅病毒以及無機砷、鎘等重金屬超標，本席亦在今年一月 二十三日召開協調會要求食藥署應基於保障國民食品衛生安全立場，並依照「食品及相關 產品輸入查驗辦法衛生抽驗辦法」第八條第一項第二條，須將邊境抽驗率提高至百分之五十 ，但經查，113 年食藥署邊境春節專案，其受理自越南輸入生鮮牡蠣計 122 批，僅檢驗 31 批 ，僅 25%，未達當初本席要求之檢驗率，抽驗率顯然不足。 三、為保障國民食品衛生安全，並維護我國牡蠣不受進口蚵之衝擊，造成國產牡蠣市場需求受 影響，導致可收成的牡蠣延緩收成，變相提高蟲害造成的損失，爰要求政府應對進口蚵 加強查核，並將邊境抽驗率提高至百分之五十，以確保消費者以及我國漁民權益。"
"11-1-11-44",11,1,11,"吳宗憲","2024-04-24","本院吳委員宗憲，鑑於近日某大專院校於學生自治選舉中，遭指控發生學校高層大規模安插人選之情事，若類似之介選情事屬實，則將嚴重影響校園內自由民主之自治環境，與學生自治立法之初衷背離甚遠。爰此，建請教育部研議《大學法》及《專科學校法》相關規定，防止校方過度介入學生自治選舉，以健全校園民主之落實，特向行政院提出質詢。","一、憲法第 11 條規定：「人民有言論、講學、著作及出版之自由。」其中講學自由，經過司法院 大法官為釋字第 380、462、563 和 626 號等多號解釋以及各方學者的不斷闡釋及補充，足認 其應為「學術自由」，而大學自治即是學術自由中法制面的重要一環。由此，大學自治乃 直接源於憲法所保障之自治權。而大學之學生組織自治亦得循此從憲法中尋得其權源： 作為憲法規定之具體化，大專院校中學生自治組織應享有人事自治、財政自治、學術自治 與管理自治四項，並以培養學生公民責任和素養與自治自律之民主法治觀念為施行目標， 積極推動校園自治，建立學生參與學校公共事務之機制。 二、我國於解嚴後，各大專院校各自設置其學生自治組織，以利學生參與校園公共事務， 至 2005 年《大學法》修法，明文定義大學中之學生會及相關自治組織，教育部青年發展署 亦於 2014 年 9 月公布〈大專校院學生會運作原則〉，當中規範學校僅能有一個全校性學生 自治組織，作為校內學生自治組織之「最高代表」。由此，足見學生會之於大學內學生 事務運作以及學生意志之傳達、實現極具代表性。 三、如上開所述，自治組織享有人事自治、財政自治、學術自治與管理自治，校方與組織應以 「對等關係」互動，故依照《大學法》第 33 條第二項、《專科學校法》第 42 條第二項： 基於增進學生在校學習效果及自治能力，學校對學生會之成立和選舉僅有對之「輔導」之 權力與義務，惟「輔導」之內容和界線究竟何在？依照現行規定，輔導與指揮之分野實難 界定，可能招致的後果便是學生會受校方各部門、高層、教職員過度介入指揮，學生會 作為學校與學生之間溝通橋樑的作用失能、學生會淪為校方附庸或傳聲筒，顯與學生自治 組織成立之宗旨有違。爰此，請教育部於一個月內研議提出《大學法》、《專科學校法》 中相關規定修訂，以捍衛大專院校學生自治組織之主體性。"
"11-1-11-45",11,1,11,"柯志恩","2024-04-24","本院柯委員志恩，有鑑近日國立臺北大學臺北校區學生會正 副 會長 暨 學生 議 會選 舉 中， 該 校副 校 長指 示 經濟 系 主 任請 學 生吃 飯 、協 助 繳交 學 生會 費 ，遊 說 學生 登 記參 選 學 生議 員乙事，恐有違反《大學法》並干涉「學生自治」之疑慮，特向行政院提出質詢。","一、依《大學法》第三十三條第二項：「大學應輔導學生成立由全校學生選舉產生之學生會及 其他相關自治組織，以增進學生在校學習效果及自治能力。」副校長介入學生自治選舉， 恐有違反《大學法》保障學生自治之疑慮。 二、事件發生後，臺北大學發布聲明指出「該事件與校方無涉，並強調絕無介入學生自治選舉」 。惟該案已有明確證據指出，副校長與經濟系主任實有遊說學生之行為，副校長也已承認 該事件之發生。事發過程與校方是否無涉？主管機關教育部是否有盡督導之責？事後如何 處置並預防學校干預學生自治的情況發生？亦有檢討之必要。 三、此外，現行《大學法》第三十三條第二項：「大學應輔導學生成立由全校學生選舉產生之 學生會……。」條文中「輔導」二字，是否賦予過度法源授權，以致學校以輔導為名義 干涉學生自治組織運作，有進一步研議修法之必要，故特向行政院提出質詢。"
"11-1-11-46",11,1,11,"陳亭妃","2024-04-24","本院陳委員亭妃，針對地方民眾反映，建請農業部恢復二級農會供應系統並適時修正肥料購買資格登錄規定，要求農業部提出相關檢討改善書面報告，特向行政院提出質詢。","一、現行預購肥料作業方式、出貨及運輸由台肥公司統一處理，致農民無法依農作物生長期及 環境因素獲配所需肥料。 二、農友購買肥料時需提供個人身分證明、農地地段、地號等資料，增加農會銷售人員作業 時間，導致農民不耐久候反彈現象，農會秉持遵守法令規定，均適時提供解說以安撫農友 情緒。且據農友反映目前部分商系零售商並不需提供相關證明資料。 三、另有農民反應耕作農地無相關資料致使無法購肥的困擾，相關單位在執行購肥登錄政策時 並未有詳盡考慮，徒增銷售人員困擾。 四、預購登打系統未考量肥料裝車運送細節問題，造成登打數量與獲配肥料比例懸殊的極端 現象。以往二級農會在肥料購銷分配，均會考慮適時性及數量統合性，以併車方式解決 農友需求及降低農會庫存壓力，並免發生延宕肥料運送時效。 五、肥料共同購銷系統由二級農會運作服務已有數十年歷史，農民耕種用肥至農會洽詢購買， 早已深植農民記憶，變更購銷運作制度立意良善，但部分規定未盡實際需求，在運作近 兩年問題陸續浮現，徒增肥料市場亂象。 六、本席要求農業部於二週內提交相關報告至辦公室。"
"11-1-11-47",11,1,11,"林淑芬","2024-04-24","本院林委員淑芬，據查經濟部召開 113 年第 1 次電價費率審議會，審議上半年（4 月至 9 月）的電價費率，帄均電價調整約 11%，影響市場民生用電甚大，特向行政院提出質詢。","一、據查經濟部 113 年第一次電價費率審議會，審議 2024 年 4 月至 9 月之電價費率，平均電價 調整約 11%。 二、攤販集中市場所販售之農漁產品為民生所必須，若調漲電費，將對民生物價有顯著影響， 不利物價穩定。 三、本次審議會附帶決議為農漁、學校及社福團體電價凍漲。為維持物價穩定，本席建請公有 市場應納入凍漲範圍，以降低電價對民生之影響。"
"11-1-12-48",11,1,12,"吳宗憲","2024-05-01","本院吳委員宗憲，針對高雄民生醫院開錯刀事件，經查 ，原 本 應為 胸 腔膿 包 患者 進 行引 流 手術 ， 然卻 錯 把隔 壁 床 低血 壓 患者 推 入開 刀 房， 直 到主 刀 醫師 動 刀後 ， 才驚 覺 搞 錯對 象，整個過程經手五人，沒有一人確認患者身分。然該院不只 一 次 發 生 嚴 重 醫 療 疏 失 ， 長 此 以 往 恐 引 發 民 眾 對 公 家醫 療安全之疑慮，亦影響對醫院之信任，爰此要求衛福部就手術安全把關執行流程進行檢討，特向行政院提出質詢。","一、經查高雄市立民生醫院本(4)月四日發生開錯刀事件，主刀的陸姓醫師為胸腔外科主任，而 被開錯刀的黃姓男子今年七十多歲，是低收入戶，由於中風無法開口說話，長年住安養中 心，因低血壓住院，恰巧與年紀相仿的張姓男子同住一間病房。 二、另查張男四日原本因胸腔膿包要做引流手術，為當天第一台手術，正好碰上白班和大夜班 交接期，依照手術標準程序，應該由開刀房護理師通知護理站護理師，再送病患至開刀房 ，不料陸姓醫師直接打電話到護理站，導致後續出現一連串錯誤。 三、病患從病房被推入開刀房，原則上會經運送工友、病房護理師、手術室護理師以及麻醉醫 師，當天卻沒有一人進行病患辨識確認，唯一發現的是正要給黃姓男子藥的護理師，然而 已經來不及制止。 四、高雄民生醫院開業以來並非首次出包，此次被開錯刀的黃姓男子雖然術後恢復良好，但仍 是在鬼門關前走了一遍，也平白無故在身上留下一道疤，爰此要求衛福部檢討手術安全執 行之缺失，勿讓醫療安全再出現漏洞。"
"11-1-12-49",11,1,12,"吳宗憲","2024-05-01","本院吳委員宗憲，有鑑於曾質詢有關逃兵與軍人自傷之議題，然該軍團再傳出僅入伍 2 天的新兵逃跑後又自行返營，另有一名 19 歲志願役跳樓輕生，短短四天發生 2 起案件，不免 擔 心 是 否 為 軍 中壓 力 過大 所 致。 經 查， 過 去監 察 院 在士 兵自殺調查報告中指出，目前軍隊編制的心理輔導官太少，有 關 精 神 疾 病 的 判 斷 與 診 療 ， 也 應 交 由 專 業 精 神 科 醫 師進 行 協處 ， 爰此 要 求國 防 部儘 快 引入 相 關資 源 ，積 極 照 顧國軍心理健康，特向行政院提出質詢。","一、經查陸軍第八軍團 203 旅劉姓新兵剛入伍 2 天，正逢新訓中心的營舍新建工程，為了施工 作業，暫時拆除原有的九重葛天然屏障，因此才讓他有了逃跑的空隙。劉姓新兵入伍時 曾填寫心理評量表，部隊幹部才剛評估他需要留意督導，就發生這件事，之後將被函送 憲兵隊調查。 二、另查，另一名 19 歲林姓志願役士兵晚間突然傳訊息給部隊輔導者及家人，表示「當兵壓力 很大」，隨即失聯，之後被發現倒臥在租屋處旁草叢，已失去生命跡象。林姓士兵的父親 發現後急忙實施 CPR，送醫後仍回天乏術。 三、監察院曾針對陸軍第八軍團 203 旅劉姓下士自殺案件作出調查報告，其中提到，「國防部 對於察覺軍官士官及士兵環境身心狀況轉換的危機評估顯有不足」，同時指出目前軍隊 編制的心理輔導官數量太少，國防部應該積極引入資源。 四、國軍基層接連出狀況，顯見士兵的心理問題亟需政府重視，爰此要求國防部相關單位， 儘速研擬配套措施，完善照顧國軍心理健康狀況。"
"11-1-12-50",11,1,12,"鍾佳濱","2024-05-01","本院鍾委員佳濱，鑑於花蓮發生強震，全臺各地房屋安 全議 題引發關注，為加速全臺危險老舊建築重建，以維護公共安全 、 公 共 交 通 、 公 共 衛 生 及 提 升 生 活 品 質 ， 特 向 行 政 院提出質詢。","一、花蓮地震規模 7.2，強度僅次於 921 規模 7.3，各地傳出災情不輕，目前因強震全民對老屋 都更的意識提升。全臺屋齡 30 年以上的老屋就有 483.3 萬宅，占住宅存量高五成以上， 目前嘉義縣、澎湖、雲林、臺東、彰化、屏東及這次發生大地震的花蓮，區域老屋占住宅 存量比重超過六成， 二、臺灣早期法規對結構設計要求不嚴謹，較缺乏耐震設計，再加上早期政府為防止過度採集 砂石，破壞水土保持，曾一度放寬使用海砂，導致民國 70～80 年間蓋的房子，不少都是 海砂興建。這類目前屋齡 30 年以上的房子房屋耐震力都有疑慮，若遇強震恐產生不少傷亡。 三、近年來各地頻出現天坑、鄰損事件，讓民眾更加專注土壤液化議題，高度土壤液化潛勢區 域多集中在蛋黃區，據中央地質調查所土壤液化潛勢查詢系統資料顯示，全臺灣共 10 縣市 正位於高度土壤液化潛勢區中，包括：臺北市、新北市、高雄市、宜蘭縣、臺南市、屏東 縣、臺中市、彰化縣、雲林縣，以及面積有 53.15%範圍處在高潛勢區、危險程度最為嚴重 的嘉義縣，但目前臺灣危老、都更速度仍遠不及屋齡持續攀升。 四、內政部危老重建時程獎勵逐年遞減，今年 5 月 12 日起，時程容積獎勵將從 2%砍半至 1%， 到明年 5 月 12 日將再無時程獎勵。為提升地主參與危好重建意願，危老重建相關政策不應 落日或退場。 五、建請內政部於原危老重建獎勵容積外，額外增加危老容積獎勵，並依下列地質鑽探─N 值 （標準貫入試驗 SPT）之條件額外給予危老容積獎勵： 1.黏性土壤 N 值小於 4 及砂性土壤 N 值小於 10，需取得耐震建築標章。 2.黏性土壤 N 值介於 4 至 15 之間及砂性土壤 N 值介於 10 至 30 之間，需通過結構性能安 全評估。 3.黏性土壤 N 值大於 15 及砂性土壤 N 值大於 30，需結構外審。"
"11-1-12-51",11,1,12,"顏寬恒","2024-05-01","本院顏委員寬恒，鑒於警界今年發生多起輕生案件，顯 示警 察 高壓 工 作及 身 心狀 態 已亮 紅 燈， 爰 此， 請 行政 院 檢 討警 察工作環境，除增加多元心理諮商管道之外，請取消不合時宜之警察勤務及各部會任意調派之勤務時數，特向行政院提出質詢。","一、查，今年截至 4 月為止已有 6 名警察輕生離世，警政署也多次拜會衛福部，尋求心輔相關 協助，同時也請台大醫師至署內講課，近年各警察機關也遴聘心理師或身心科醫師提供 「身心健康諮詢」及「委外預約諮商」服務，若同仁擔心諮商內容外流，還有「委外預約 諮商服務」，全國總計 81 處，然，憾事卻不斷發生，顯見目前之心輔配套有所不足。 二、警察之工時較平均國民高、死亡年齡較平均國民低：根據 105 年衛生福利部國民健康署 一項委託研究之調查，警察機關一週工作總時數近 60 小時，較一般勞工每週總工時僅為 39.13 小時高出近 1.5 倍；警察人員自 99 年至 109 年在職及退休死亡人數合計 5,221 人， 平均死亡年齡為 71.69 歲，相較 108 年內政部公布簡易生命表，國人平均壽命則為 80.9 歲 ，可見警察人員職務之危險性、辛勞性，對健康、壽命所生之影響。 三、據調查，各部會需警察配合辦理之相關法令近 190 項，行政院應與各部會協調，並重新 檢討繁重之警察工作，請於一個月內完成檢討作業，以降低警察之工作總時數。"
"11-1-13-52",11,1,13,"黃仁","2024-05-08","本院黃委員仁，鑑於原住民長期面臨福利資訊及社會資源整 合 不足 之 問題 ， 亟待 政 府投 入 更多 關 注與 資 源， 故 設 有「原住民族家庭服務中心」以協助解決此困境，惟原住民族家 庭 服務 中 心服 務 據點 ， 設置 數 量與 人 力是 否 充足 ， 尚 待檢 討。爰要求行政院及主管機關應盤點各縣市原住民族家庭服 務 中心 服 務據 點 及服 務 人力 ， 並著 手 進行 調 查是 否 符 合原 住 民需 求 ，以 確 實落 實 照顧 原 住民 之 本意 ， 特向 行 政 院提出質詢。","一、政府為協助原住民族人整合資訊及服務，自民國 87 年起於交通偏遠之原住民族部落設置 「原住民社區家庭服務中心」，後為強化婦女權益，更名為「原住民族家庭暨婦女服務 中心」，104 年以「家庭」為核心作為服務宗旨，再改稱為「原住民族家庭服務中心」。 二、「原住民族家庭服務中心」服務據點是原住民族人尋求協助的重要機構，因此應有充足的 據點與服務人力，方符合設立目的。以高雄市為例，原住民人口約為 2.2 萬人，其中 3 原鄉 共 14 個里，幅員遼闊，卻僅有三個服務據點，而高雄市都會區 35 個行政區，也僅南北區 各設一個服務據點，實際照服人力僅 4 人，服務量能明顯不足。 三、政府應落實服務原住民族人本意，盤點「原住民族家庭服務中心」服務據點及服務人力， 並積極增設據點及投入足夠人力。"
"11-1-13-53",11,1,13,"萬美玲","2024-05-08","本院萬委員美玲，有鑑於桃園市人口快速成長，然卻面臨人口結 構 老化 ， 醫療 配 置不 均 等問 題 ，為 改 善桃 園 市醫 療 資 源分 配不均之問題，爰要求衛生福利部儘速檢討桃園市次醫療區域之劃分研議修正為三區，特向行政院提出質詢。","一、桃園市人口快速成長，至今（113）年 3 月已達 232 萬人，為少數人口成長之縣市，然卻面臨 人口結構老化，醫療資源分配不均等問題，平均每萬人口僅得分配 34 張床，亟待改善。 二、經查，政府於民國 75 年政府開始推動醫療網計畫，將桃園市劃分為桃園及中壢兩區次醫療 區域，然此劃分已超過 30 年未調整，其中桃園次醫療區之行政區包括大園、蘆竹、桃園、 八德、大溪、復興、龜山區，而大型醫院只集中在桃園區，八德、大溪、復興、蘆竹等五區 都沒有大型醫院，居民只能跨區或跨縣市就醫。 三、又現行「醫療法」規定主管機關得決定醫院設立及擴充，病床數量則以「次醫療區域」 決定，而桃園市部分行政區即受限次醫療區域病床數限制無法擴增病床。 四、綜上，爰要求衛生福利部應於一個月內，檢討桃園市次醫療區域之劃分，由現行桃園、 中壢兩區，依據目前桃園市各行政區醫療資源分配情形，修正為三區。"
"11-1-14-54",11,1,14,"謝龍介","2024-05-15","本院謝委員龍介，鑑於「勞工職業災害保險職業傷病審查準 則」第四條第一項僅規定：「勞工上、下班於適當時間，從日常居、住處所往返工作場所的應經途中發生事故而導致的傷害，視為職業傷害。」若勞工於上班時請假外出辦事，如：看診、赴機關洽公等等，從辦事地點出發再上班時發生意外，卻因出發地非居住處所，不符合通勤定義，不被認為與工作本身緊密連接，而無法被定義為職業災害，於理實屬不合。建請勞動部重新檢討修正前述審查準則規定，以維護勞工權益，特向行政院提出質詢。","一、針對上述審查準則第四條之規定，勞動部認為，職業災害應以勞工因就業場所或作業活動 及職業上原因所造成傷害為限，惟鑑於勞工因工作關係，必須往返於日常居、住處所與 勞動場所間，或在 2 個就業場所間往返，此歷程與工作本身緊密接連，不可或缺，故將 此等通勤途中遇事故而發生之傷害，亦視為職業傷害，惟限定勞工於適當時間，從日常居 、住處所往返勞動場所之應經途中發生事故者，始有其適用。從勞動部的說明可知，因為 通勤往返是與工作本身緊密連接、不可或缺，因此勞工於此間發生的事故，可以適用職業 災害。 二、行政院勞工委員會 77 年 1 月 19 日臺 77 勞保 2 字第 11356 號函指出，勞工上班後請假回家 ，再上班途中發生事故，如非出於私人行為者，得視同職業傷害。觀諸職災審查案例， 若今勞工上班後請假外出辦事，從辦事地點出發再上班，性質與請假回家相同，且從 辦事地再上班的行為同樣是與工作本身緊密連接、不可或缺，結果於此間發生事故而導致 傷害，卻無法視為職業災害，於理不合。 三、勞動部既然認為申請職災必須符合「應經途中」、「適當時間」、「無違反交通規則」等 三條件，勞工請假外出辦事，從辦事地點再上班，若無繞道、違規等情形，確實就符合 前述三條件，建請勞動部重新檢討修正前述審查準則規定，考量勞工請假辦事再上班的 情形，以維護勞工權益。"
"11-1-14-55",11,1,14,"徐欣瑩","2024-05-15","本院徐委員欣瑩，針對近年氣候變遷出現極端強降雨，致西濱快速公路 63K 路段淹水成災，使國人財產受損、生命遭受威脅，特向行政院提出質詢。","一、西濱快速公路 63K 路段通車後，加上近年氣候變遷出現之極端強降雨，致新豐鄉民深受 水患之困，財產受損、生命遭受威脅。 二、交通部公路局於今（113）年 3 月 22 日辦理會勘，會勘結論二：「……建議在台 61 線高架 下設穿越水道，本段將編列預算新設箱涵向上級爭取預算來改善。」 三、綜上，爰請行政院儘速核定相關經費，俾使工程早日施作，以維國人生命財產安全。"
"11-1-15-56",11,1,15,"陳素月","2024-05-22","本院陳委員素月，針對許多民眾反映我國 COVID-19 疫苗預 防接種受害救濟程序等待時間冗長，自開始申請至今遲遲未有進度，平均等待期間動輒一年有餘，期間受害民眾歷經全身 紅 疹 發 癢 、 食 不 下 嚥 等 後 遺 症 折 磨 ， 身 心 備 受 煎 熬 ，紛 紛 質疑 疫 苗接 種 受害 救 濟案 件 審議 進 度緩 慢 ，不 符 民 眾期待。據了解，疾管署現今每月召開 2 次審議會議，平均審議約 300 件與 2020 年每月平均 13 件相比成長近 23 倍，而審議專家學者雖已從起初的 24 名增加至逾 50 名，但整體審 議 進度 仍 不見 有 感， 本 席 為 反 映民 情 與民 眾 心聲 ， 建 請行政院研擬相關因應對策，並敦促加速審查速度，特向行政院提出質詢。專案質詢11－1－15－0057立法院議案關係文書 中華民國 113 年 5 月 22 日印發案由：本院陳委員素月，針對農民不斷陳情反映近年來稻米耕作的肥料、農藥、秧苗等人力成本不斷上漲，但公糧收購價格已長達 13 年未調漲，已不敷成本，特向行政院提出質詢。","近年來全球各國在面臨極端氣候、新冠疫情及俄烏戰爭，部分國家採取出口限制措施，影響 正常貿易，造成國際糧食供應短缺及糧價上揚情形，據此臺灣如何確保各項重要糧食物資不虞 匱乏，對國家安全及民眾福祉至關重要。 然稻米為我國目前僅存唯一由政府保價收購納入公糧管理的產品，源自於民國 60 年代嚴重 缺糧下為激勵生產所推動的措施。據了解，目前公糧計畫收購價格為每公斤 26 元，此一價格已 長達 13 年未調漲，但這期間無論農藥肥料及秧苗成本，已上漲 30%至 43%，導致農民耕種成本 不斷增加，惟公糧收購價格仍停滯不調，嚴重影響農民權益。本席考量到提高公糧收購價格對各 產業發展影響深遠，故建請行政院因應近年物價劇烈波動導致務農成本增加，儘速研擬公糧收購 價格調整對策以及如何加強執行相關產業輔導措施，維持稻米供需平穩、產業均衡發展，強化 臺灣糧食安全，以落實照顧農民意旨與政策。"
"11-1-16-56",11,1,16,"陳素月","2024-05-29","本院陳委員素月，針對許多民眾反映我國 COVID-19 疫苗預 防接種受害救濟程序等待時間冗長，自開始申請至今遲遲未有進度，平均等待期間動輒一年有餘，期間受害民眾歷經全身 紅 疹 發 癢 、 食 不 下 嚥 等 後 遺 症 折 磨 ， 身 心 備 受 煎 熬 ，紛 紛 質疑 疫 苗接 種 受害 救 濟案 件 審議 進 度緩 慢 ，不 符 民 眾期待。據了解，疾管署現今每月召開 2 次審議會議，平均審議約 300 件，與 2020 年每月平均 13 件相比成長近 23 倍，而審議專家學者雖已從起初的 24 名增加至逾 50 名，但整體 審 議進 度 仍不 見 有感 ， 本 席 為 反映 民 情與 民 眾心 聲 ， 建請行政院研擬相關因應對策，並敦促加速審查速度，特向行政院提出質詢。專案質詢11－1－16－0057立法院議案關係文書 中華民國 113 年 5 月 29 日印發案由：本院陳委員素月，針對農民不斷陳情反映近年來稻米耕作的肥料、農藥、秧苗等人力成本不斷上漲，但公糧收購價格已長達 13 年未調漲，已不敷成本，特向行政院提出質詢。","近年來全球各國在面臨極端氣候、新冠疫情及俄烏戰爭，部分國家採取出口限制措施，影響 正常貿易，造成國際糧食供應短缺及糧價上揚情形，據此臺灣如何確保各項重要糧食物資不虞 匱乏，對國家安全及民眾福祉至關重要。 然稻米為我國目前僅存唯一由政府保價收購納入公糧管理的產品，源自於民國 60 年代嚴重 缺糧下為激勵生產所推動的措施。據了解，目前公糧計畫收購價格為每公斤 26 元，此一價格已 長達 13 年未調漲，但這期間無論農藥肥料及秧苗成本，已上漲 30%至 43%，導致農民耕種成本 不斷增加，惟公糧收購價格仍停滯不調，嚴重影響農民權益。本席考量到提高公糧收購價格對各 產業發展影響深遠，故建請行政院因應近年物價劇烈波動導致務農成本增加，儘速研擬公糧收購 價格調整對策以及如何加強執行相關產業輔導措施，維持稻米供需平穩、產業均衡發展，強化 臺灣糧食安全，以落實照顧農民意旨與政策。"
"11-1-16-58",11,1,16,"顏寬恒","2024-05-29","本院顏委員寬恒，有鑑於國內辣椒粉短缺，影響速食泡 麵生 產 製造 ， 應儘 速 研擬 開 放有 取 得檢 驗 合格 的 辣椒 粉 可 以繼 續 出貨 及 交易 ， 以維 持 臺灣 的 相關 產 業穩 定 生產 ， 進 而及時服務廣大的消費大眾，特向行政院提出質詢。","一、自 113 年 3 月份爆發蘇丹紅食安事件後，食藥署依據食安法第 34 條，針對中國輸台辣椒粉 檢驗不合格之 21 家出口商及製造商，自 113 年 2 月 20 日起暫停輸入查驗 3 個月，並自 112 年 12 月 11 日至 113 年 6 月 10 日對中國辣椒粉採 100%逐批查驗，查驗符合規定後， 始得輸入。 二、經查，目前供應商尚無法取得進口貨源，而國內雖有取得檢驗合格之辣椒粉，也是無法 出貨及交易。 三、食藥署應在保障國人食品安全之前提下，儘速邀集相關業務機關及食品業者，說明後續 處理情形，並予以必要之協助，以保障優良合法廠家之權益，使國內食品產業供應無虞。"
"11-1-17-59",11,1,17,"羅智強","2024-06-05","本院羅委員智強，就手遊封閉社交平台疑似成為兒少性剝削犯罪溫床之現象，特向行政院提出質詢。","本席收到民眾陳情，表示知名手遊（傳說對決）遭到有心人士濫用，利用不公開、封閉性的 遊戲聊天室，避開檢警偵查，進行性剝削犯罪，假意以遊戲點數或模型誘騙未成年人自拍不雅 照片或影片，甚至進一步勒索。該民眾估計，已超過百名未成年受害。 根據警政署統計，去年 2023 年，6 至 11 歲（390 人）、12 至 17 歲（2,037 人）的性交猥褻 被害人，是警政署自 2002 年統計以來，有史以來最高的紀錄。蔡政府執政以來，從 2015 年 到 2023 年，18 歲以下未成年人，性交猥褻被害人成長將近 25%。如果以未成年人口總數來評估 未成年性交猥褻被害人數，2015 年每萬位未成年人，有 5.02 位被害；2023 年則提升到 7.44 位。 8 年裡未成年性交猥褻受害比例，成長 1.48 倍。 鑑於未成年人遊玩手遊者眾，面對近年未成年遭遇性剝削以及數位性暴力之嚴峻處境，針對 封閉性遊戲社群之社交互動平台，行政院與相關主管機關應加以即時、有效管制，與業者保持 快速溝通管道，透過科技化手段、關鍵字與圖像影片篩選排除等措施，事先預防，避免封閉社交 平台成為犯罪溫床。 敬請貴院與相關主管單位進一步向手遊業者了解該民眾陳情是否屬實，為通案抑或為個案， 以及針對數位性暴力與性剝削之封閉性社交平台之現有防範措施、改善作為進行回覆。"
"11-1-17-60",11,1,17,"羅智強","2024-06-05","本院羅委員智強，就現行「雲端廚房」亂象，引發食安隱憂，特向行政院提出質詢。","雲端廚房，一種新興的餐飲業模式，特色在於不需實體店面或內用空間，專注於外送服務。 由於消費者減少餐廳內用頻率，近年店家多選擇開設「雲端餐廳」。2022 年外送業者 Foodpanda 指出，即使疫情結束，平台上以雲端餐廳形式開業的店家數量成長仍近 8 成。針對此種新型經營 型態，政府卻未跟上法規完善，落實紀錄及稽查。政府與衛生稽查單位無法確實掌握雲端餐廳數 量與經營情況，恐引發食安、公安隱憂。 因雲端廚房缺乏開放的場地與實際店面，消費者普遍擔憂衛生安全問題，但使用餐飲平台 訂餐時，卻無法判斷店家為實體店面還是雲端廚房。根據衛福部規定，業者必須完成「食品業者 登錄」才能加入網路外送平台，但食品登錄並無註記雲端廚房類別，導致無法進行後續辨別， 致使衛生監管單位難以把關雲端廚房的食品安全。 雲端廚房的經營模式多元且複雜，包含廚房空間租賃、個人自有廚房及中央廚房代工等。 部分業者將空間區隔出數個子空間，分租給不同業者，形成多個廚房共處一室的情形，整體衛生 狀況難以有效監控，具交叉汙染風險，增加食品安全隱患。雲端廚房定義不明，未有法規明確 規範；政府難以落實稽查，形成食安漏洞。 寶林茶室、蘇丹紅等食安問題接連不斷，民眾對食安關心更甚。全國各地皆有民眾要求全面 稽查雲端餐廳。然由於全國登記餐廳數量眾多，且還有未登記之黑數，因此光靠地方政府衛生局 ，稽查量能難以因應。有地方政府衛生局就曾坦言，雲端廚房掌控不易，多靠民眾陳情挖掘或 透過外送平台揭露的地址才能找出非法業者。 雲端廚房亂象不斷，亟待中央政府做出有效的整頓及規範。針對雲端廚房食品安全與法規 管理之缺失檢討，以及相關改善辦法，敬請貴院回覆。"
"11-2-2-3",11,2,2,"萬美玲","2024-09-25","本院萬委員美玲，有鑑於近年來臺灣缺工問題嚴重，即使社會中高齡與女性之勞動參與率逐漸提升，但對整體幫助仍然有限，因此許多產業將填補人力缺口目標轉移至外籍移工身上，然外籍移工來臺提供勞動力，政府卻無法有效保障其工作權益與管理。根據勞動部統計，截至今年 7 月，在臺移工人數約為 793,544 人，其中失聯移工累計竟達 87,576 人，且每月還在持續增加。近期新聞媒體報導，在臺南查獲數名失聯移工違法「打黑工」，顯見政府在外籍移工的管理上仍有缺失，更有多名移工於去年起就被迫放無薪假，在環境惡劣擁擠的房舍中無助待工。政府引進外籍移工藉以紓解缺工問題，但外籍移工之管理與權益保障亦須比量齊觀。勞動部擬推動「移工多元陪伴照顧服務計畫」於年底前上路，屆時外籍移工管理更不可忽視，爰建請行政院優先了解移工失聯原因並研議減少失聯方法，且請仲介保持對引進移工之聯繫、加強宣導，一旦移工行蹤不明，雇主須立即透過帄台系統通報等，以免讓新計畫加劇臺灣移工失聯情形，進而造成社會問題，特向行政院提出質詢。專案質詢11－2－2－0004立法院議案關係文書 中華民國 113 年 9 月 25 日印發案由：本院萬委員美玲，針對高中以下院校已開學滿一周，卻仍有許多學校無法提供學生專車乙事，至表關切。據新聞媒體報導指出，許多學校苦尋不到校車司機，只好停止提供學生專車服務，如此不僅影響到學校正常運作，更直接剝奪學生上下學通勤權益。經查教育部早已於今(113)年 4 月與 7 月函請地方政府與學校提早規劃交通車招標事宜，然卻仍未能於開學前如期找到校車司機，招標情況明顯不佳，針對以上非單一事件，爰要求行政院應儘速了解目前高中以下院校無法提供學生專車之情況，除提供學校租賃交通車費用補助外，更參考公路總局推動之「公車進校園」方式規劃，以增加班次、調整班次、延繞駛進校園方式進行系統性改善，以確保費用補助有其成效，且同時強化監管，確保學生專車司機能夠履行招標合約，保障學生基本上學通勤需求，並妥善解決當前校車供應的困難，特向行政院提出質詢。專案質詢11－2－2－0005立法院議案關係文書 中華民國 113 年 9 月 25 日印發案由：本院萬委員美玲，針對內政部於 111 年核定之「校園周邊暨行車安全道路改善計畫」，編列 50 億元目標改善校園周邊道路，然媒體報導指出，許多縣市政府提報不需改善之路段、或經計畫改善後路段之交通傷亡人數，依舊呈現成長且增加趨勢比率近六成左右，更有國土署分析報告指出，解除列管之 298 處易肇事路口，112 年第 4 季交通事故件數相較 110 年同期提升許多；且截至今年 4 月，計畫補助學校數量僅約 4百多所學校，以全臺約 2 千 7 百所中、小學來看，此專案編列高預算，卻僅有 14%的校園周邊道路獲得補助，執行成效亦不如預期。現內政部擴大辦理「永續提升人行安全計畫」內含改善校園周邊暨行車安全道路，應積極檢討原計畫成效作為新計畫參考，以利建構友善行人環境，讓臺灣能早日脫離行人地獄之惡名，達到交通事故零死亡之目標，特向行政院提出質詢。專案質詢11－2－2－0006立法院議案關係文書 中華民國 113 年 9 月 25 日印發案由：本院萬委員美玲，針對媒體報導去年 5 月曾發生越南籍「新南向產學合作國際專班」學生，於新北產業園區一家烘焙工廠實習時發生意外慘死乙事，至表關切。此事件揭露「假實習名義、行打工之實」之現況與弊端，且因外籍生不計入廠商聘僱移工人數，即無須繳納就業安定費，讓學生淪為廉價勞工，且安全堪憂。依據我國現行法規如《勞動基準法》及《職業安全衛生法》等法對於實習生之保障仍有不足。雖教育部為保障實習生校外實習權益與安全，自 2017 年起研議制定《專科以上學校校外實習教育法》草案，但立法進度緩慢，現階段無法有效保障實習生之權益，實習場所之安全性也未受重視。爰要求勞動部應建立供實習生查詢之「違反勞動法令事業單位查詢系統」及「重大職業災害公開網」網路資訊帄臺，以降低實習生的風險，特向行政院提出質詢。","一、根據 107 年 1 月教育部所擬定之《專科以上學校校外實習教育法草案》內容，針對校外實 習定義為「無從事學習訓練課程以外之勞務提供或工作事實」，此定義下易導致以學習為 主要目的的勞務提供無相關勞動保障，形同規避勞動法令，應從根本定義進行修正，即無 論有無學習效果，有勞動就應有勞權。然該草案目前仍在教育部研修中，爰請教育部加速 研修，並儘速送本院立法審議。 二、又依據《勞動基準法》第 2 條、第 8 條、第 10 條、第 11 條等有明確規定，勞工享有工資 、工時、休息日等基本權益，而實習生在實習期間之權益並未被明確涵蓋與保障，致使實 習生在面對工作條件不佳或意外事故時，往往難以獲得有效保障。 三、我國《職業安全衛生法》要求雇主提供安全工作環境，但對於實習生的保護也未有具體規 範，且實習生多為缺乏社會經驗之在校學生，常因經驗不足與資訊缺乏而處於不利地位。 四、在專法尚未制定前，爰要求勞動部應建立供實習生查詢之「違反勞動法令事業單位查詢系 統」及「重大職業災害公開網」網路資訊平臺，以降低實習生的風險。"
"11-2-2-7",11,2,2,"萬美玲","2024-09-25","本院萬委員美玲，有鑑於衛福部疾病管制署於 9 月 3 日例行疫報提及，8 月 25 日至 31 日腸病毒門急診就診人次為 1 萬4,279 人，就診人數破 1.4 萬人，為近 4 年同期新高，且實驗室監測還顯示，腸病毒陽性率仍在上升；9 月時屆學校開學與中秋節慶，將增加高傳染力之腸病毒擴散於班級與家庭中的機率，為避免病毒擴散，影響青少年與國人健康，本席爰建請衛福部會同教育部應盡提醒與預防責任，請學校機關宣傳，班級應保持通風、確實執行環境清消，並落實學生勤洗手與消毒習慣，且於每個班級與學校校門口，設置酒精與乾洗手，提供進出校園之所有人員與班級每位師生可隨時消毒、預防病毒擴散，特向行政院提出質詢。專案質詢11－2－2－0008立法院議案關係文書 中華民國 113 年 9 月 25 日印發案由：本院萬委員美玲，針對臺灣推行垃圾減量長達 20 年，並計畫性配合政策逐年推動減塑，但廢棄物仍不減反增乙事，至表關切。近期有媒體報導指出，截至今年 4 月，暫置廢棄物數量從 8.1 公噸急速增長至 84 萬公噸，全臺至少有 100 座「垃圾暫置場」儼然成為「新垃圾山」，對環境造成極大負擔。經查，行政院推動「廢棄物管理及資源化行動方案」與「臺灣 2050 淨零轉型『資源循環零廢棄』關鍵戰略行動計畫」，藉由廢棄物源頭管理及資源循環零廢棄物，協助達成 2050 年淨零轉型。然今（113）年環境部針對廢棄物處理預算，廢棄物末端處理預算為 19.1 億元，但源頭減量卻僅有 0.98 億元，明顯比例失衡且成效不彰，爰建請行政院重新檢視相關計畫與方案之施行成效，並提出具體改善之短、中、長期計畫，加強廢棄物源頭控管減量，落實計畫性減少廢棄物，以達到政府預定 2050 淨零轉型之目標，特向行政院提出質詢。","一、行政院早於 2022 年 9 月 26 日即核定「廢棄物管理及資源化行動方案」，就四大物料（可 燃廢棄物、無機廢棄物、有機廢棄物、化學品廢棄物）強化管理，然歷經 2 年施行管理未 見明顯成效。 二、又依據 2023 年 4 月行政院核定之「臺灣 2050 淨零轉型『資源循環零廢棄』關鍵戰略行動 計畫」，針對可燃廢棄物目標「將增設 12 座處理設施，處理量 109 萬噸/年，112 年達量能 平衡、114 年可作到暫存量去化」，然據今年環境部提供數據，2017 年至今年，全臺無法 處理的暫置廢棄物數量從 8.1 公噸急速增長至 84 萬公噸，未能依目標達成量能平衡。 三、根據環境部統計 2019 年至 2023 年間，每年廢棄物總量均突破 1,000 萬公噸，而全臺現行運 作中垃圾焚化總量僅 630 萬至 650 萬公噸，廢棄物末端處理已明顯無法負荷。 四、行政院應重視廢棄物源頭控管減量並提出有效方案，以改善臺灣多座「垃圾暫置場」對於 民眾生活品質及環境衝擊之影響。"
"11-2-2-9",11,2,2,"萬美玲","2024-09-25","本院萬委員美玲，針對政府宣稱近年積極打擊詐騙，成立「打詐國家隊」又設置「打詐儀表板」線上揭露詐騙受理案件數、財物損失金額等內容警示民眾，且連年增加打詐預算，然實際打詐成效卻仍有限。根據內政部與警政署 165 反詐騙網於 8 月底上線公布之「打詐儀表板」顯示，我國每日之詐騙案皆達上百件，民眾財損金額更是帄均每日破億新臺幣。「打詐儀表板」提供真實數據警惕民眾，立意良善，但受理案件之多及民眾財損金額之高更勝以往，令人難以置信。政府打擊詐騙卻越打越多，而針對反詐騙中央政府編列預算卻不少，113 年編列預算 13 億元、114 年更是大幅增為 73 億元，相當於一舉增加 4.8 倍，然政府卻沒有相對應的打詐成績，致使國人依然財損嚴重，實屬不該。為因應受詐騙人數居高難下，爰要求行政院儘速針對現行打詐辦法之不足提出具體改善並滾動檢討，讓臺灣早日脫離詐騙天堂之惡名，落實真正打擊詐騙，而非僅是網頁上提供數字警示，特向行政院提出質詢。專案質詢11－2－2－0010立法院議案關係文書 中華民國 113 年 9 月 25 日印發案由：本院蔡委員其昌，根據財經機構統計，民眾跨行轉帳的使用量早自四年前突破 10 億筆，且每年持續增加，去（112）年已超過 12 億筆，此與政府鼓勵金融科技發展，轉帳方式多元不無關係。轉帳便利性提高，但銀行帳號數字多且冗長，轉錯帳的機率難免增加，若不慎輸錯帳號而匯錯款，目前僅能請求銀行協助聯絡受款人退回，然而實際上，銀行僅作形式上的通知，於詐騙猖獗的社會氛圍下，受款人謹慎反應卻招致不白之冤，日前有民眾在網路上陳述，指出自己突然接到自稱某銀行客服的電話，表示有人匯錯款到他的帳戶要求退回，然而由於目前詐騙事件頻傳，多數詐騙手段就是自稱某機關以乍聽合理的理由要求被害人匯款，基於警戒心，受款人不予理會，但事後卻遭警局以侵佔罪傳喚，飽受驚嚇。另一方面，匯錯款人也只能以提告和上法院方式追回款項，亦造成司法資源浪費。綜上，針對匯錯款，目前金融主管機關和銀行均無健全的追款程序，造成民眾困擾，司法資源浪費，特向行政院提出質詢。","一、根據財經機構統計，跨行轉帳自四年前（民國 110 年），國內民眾一年使用量已突破 10 億 筆，且每年持續增加，去（112）年已超過 12 億筆，此與政府鼓勵發展金融科技，轉帳方 式因而多元不無關係，跨行轉帳不一定要外出至 ATM，在家裡就可輕鬆用手機轉帳。 二、轉帳便利性提高，但銀行帳號數字多且冗長，轉錯帳的機率難免增加，若不慎輸錯帳號而 匯錯款，依照銀行定型化契約，需要請匯款人帳戶銀行，由其當中間人去聯繫受款人帳戶 銀行，受款帳戶銀行通知受款人歸還匯錯款項。實際運作上，受款帳戶銀行僅作形式上通 知，再加上當前詐騙猖獗的社會氛圍下，受款人謹慎反應卻招致不白之冤，日前有民眾在 網路上陳述，指出自己突然接到自稱某銀行客服的電話，表示有人匯錯款到他的帳戶要求 匯回，然而由於目前詐騙事件頻傳，多數詐騙手段就是自稱某機關以乍聽合理的理由要求 被害人匯款，基於警戒心，受款人不予理會，但事後卻遭警局以侵佔罪傳喚，飽受驚嚇。 三、從匯錯帳號之匯款人角度，該受款人不理會就被視為不願意歸還，匯款人被迫要去警局報 案提告侵占，或到法院對「某銀行某帳戶的所有人」提起民事訴訟，要求返還不當得利， 才能追回款項，相當浪費司法資源。根據法務部最新（113 年 3 月）侵占罪案件統計分析， 近 5 年侵占罪案件偵查新收 9 萬 1,061 件件數呈逐年增加，其中不起訴的超過 6 成，其中超 過 8 成是犯罪嫌疑不足，犯罪嫌疑不足 5 萬 2,636 人中，屬假性財產犯罪者占 18.6%，該占 比呈現上升趨勢。所謂""假性財產犯罪""就是：以財產犯罪案件之罪名提出告訴、告發或移送 ，而實質上屬於私權爭執之民事案，顯見其司法資源浪費情形。 四、綜上，由於詐騙猖獗問題並非短時間即可解決，關於匯錯款之後續追回，建議金融 主管機關偕同金融機構擬具可協助匯錯款人和該受款人處理之合理作法，例如使金融機 構可適度向匯款錯誤的客戶收取一定費用，然後由銀行員去處理這個錯帳等。"
"11-2-2-11",11,2,2,"陳菁徽","2024-09-25","本院陳委員菁徽，為反映並監督高雄市內福山、明德、新甲及新港國小之校園環境改善事項，特向行政院提出質詢。","一、按行政院對教育部施政督導之職責，乃應積極確保營造國民中小學校園師生安全舒適及健 康優質之學習環境，並辦理廁所設備整建及內部環境修繕等改善工程，提供校園師生乾淨 舒適、通風好、採光佳及省水節能之如廁場所。 二、考量當前中央政府為落實前開事項，雖辦理有專案經費之預算編列，以及相關補助作業要 點如臺教國署國字第 1120078271A 號令修正之「教育部國民及學前教育署補助國民中小學 老舊廁所整修工程作業要點」，然查最新在高雄市內有福山及明德國小二校，存在有廁所 環境已出現老舊逾 25 年致不堪使用、滲水嚴重等問題。更甚，如管路嚴重堵塞、漏水及滲 水和附帶生成鐘乳石與輕鋼架（含其他金屬件）坍塌、通風及光線不良、地面高低落差嚴 重，以及沖水閥失效、地磚破裂，及門板脫落等問題在內，皆已嚴重衍生師生安全和校內 疾病衛生等問題，並應最速改善。 三、為此，教育部已於 113 年 7 月 9 日發出臺教授國部字 1135502133 號函文，向行政院爭取改 善，爰要求行政院與教育部應體察校園師生之環境改善迫切需求，並積極辦理，同時說明 後續辦理之進度為何？以及校方預計受改善之期程為何？以及經費規模為何？ 四、此外，有關當前高雄市新甲國小乃存在有校園環境缺少有效排水設施、既有落恐水孔易堵 塞等情形，致僅能依賴抽水機排放，以及再遇排水溝嚴重淤積導致難聯外排水等情形，和 引發周遭鄰里住宅遭積淹水溢流之侵害，最終衍生師生安全和疾病傳染衛生不良等問題。 以及高雄市新港國小校內行政大樓前地坪破損龜裂、地面凹凸不平讓師生面臨莫大之跌倒 受傷風險，和因積水所導致的衛生防治與地面環境難正常使用等困難；是類情形，亦建請 行政院發揮職能查明，俟後積極輔導校方環境受改善。"
"11-2-1-1",11,2,1,"黃健豪","2024-09-18","本院黃委員健豪，鑑於近日接獲臺中地區餐飲業者陳情，受凱米颱風影響及西南氣流造成連日豪雨，中南部蔬菜產區嚴重受損，菜價隨之波動，影響民生甚鉅。為確認全臺市場因應作為，督促相關單位儘速啟動價格調節機制，特向行政院提出質詢。","一、根據農業部最新統計，全臺農漁畜牧產業災損已逾 33 億元，其中又以農業損失 22.4 億元最 多，雲林縣、嘉義等蔬菜產地重創，造成各地蔬果市場交易價格飆漲，影響基層民眾生活 甚鉅。 二、經本席接獲臺中餐飲業者集體陳情，中部蔬果價格漲幅過高，已嚴重影響生計，行政院及 農業部是否已啟動因應手段？如臺北農產運銷股份有限公司已於各通路釋出 78.1 公噸共 11 品項之平價蔬菜，中南部及全臺各地蔬果產銷市場是否有相應作為以協助市場回穩？ 三、爰建請行政院除積極協助蔬果產地復耕外，亦應儘速回穩蔬果市場供應價格，替民眾荷包 止血。"
"11-2-1-2",11,2,1,"林淑芬","2024-09-18","本院林委員淑芬，據查蘆洲區往五股區的二重疏洪道末端的「淡水河出口堰橋」，為自行車友及民眾健行使用通道，惟鋼筋裸露、橋墩掏空已封閉近 3 年。建請行政院協調經濟部水利署及交通部公路局，協助新北市政府針對該區進行水環境再造及自行車道建設，特向行政院提出質詢。","一、據查蘆洲區往五股區的二重疏洪道末端的「淡水河出口堰橋」，為自行車友及民眾健行使 用通道，惟鋼筋裸露、橋墩掏空已封閉近 3 年，民眾使用不便。 二、據查經濟部水利署之全國水環境改善計畫，致力營造優質生活環境，打造樂活水岸風貌； 串連水陸環境，活絡在地文化與觀光遊憩產業；改善水質，營造生物多樣棲地及發展永續 生態環境。交通部公路局透過「環島自行車道升級暨多元路線整合推動計畫」建置自行車 路網，兼顧觀光休閒、旅遊健身，完善國內自行車友善環境。 三、爰建請行政院協調經濟部水利署及交通部公路局，協助新北市政府針對該區進行水環境再 造及自行車道建設，特向行政院提出質詢。"
"11-2-7-25",11,2,7,"羅智強","2024-10-30","本院羅委員智強，就護理人員薪酬福利提升，解決執業率低和人力缺口等問題，特向行政院提出質詢。","根據衛生福利部統計數據顯示，截至 2023 年，全台約有 301,380 名護理人員領有執照，但 實際執業人數僅約 189,791 人，執業率僅達 63%。2022 年，護理人員的空缺率達到 6.53%、離職 率則為 11.73%，均創下近五年來的新高。業界預估，到 2024 年，護理人力的缺口可能會達到 1.5 萬至 2.4 萬人。今（2024）年二月至四月期間，已有超過 800 名護理師選擇離職。 造成護理人員大量流失的原因除了台灣平均護病比為 1：13，工作負荷過重外，薪資福利問 題也是主要因素之一。據了解，不少醫院雖然表面上調升了護理人員薪資，但卻以減少夜班津貼 等獎金方式進行「加薪資、扣獎金」，等同於變相減薪。這樣的做法導致護理師出走潮持續擴大 ，甚至有南部某醫學中心因手術室護理師和麻醉醫師人手不足，被迫實行「過中午不開刀」的應 變措施。 民間監督健保聯盟發言人滕西華指出，政府雖然針對夜班護理人員提供津貼，以減緩人員流 失的問題，但此措施僅能短暫留住現有的護理師，卻難以吸引新的護理人力，導致「關床」現象 持續出現。護理師公會全聯會理事長紀淑靜也表示：「夜班補助確實有所成效，但白班工作量仍 然繁重，至今尚未見到其他有效的對策」。 衛福部 2022 年的數據顯示，醫學中心護理師空缺率為 3.92%、離職率為 10.21%；區域醫院 空缺率為 7.46%、離職率為 11.17%；地區醫院則空缺率高達 8.74%、離職率為 14.52%。這些數 據顯示，地區和社區醫院人力更為緊缺。台灣社區醫院協會理事長朱益宏也為地區醫院發聲，指 出健保資源過度集中在大醫院，而隨著住院和門診申報量持續增加，地區及社區醫院因薪資較低 ，招募護理人員的難度更高，陷入惡性循環。 針對護理人員薪酬福利提升，解決執業率低和人力缺口等問題，敬請貴院詳細回應並提出具 體解決方案。"
"11-2-7-26",11,2,7,"羅智強","2024-10-30","本院羅委員智強，就照顧長照之照顧者身心、經濟與壓力問題，特向行政院提出質詢。","我國自 2018 年進入高齡社會，根據國家發展委員會的預測，2025 年臺灣將邁入「超高齡社 會」，屆時老年人口將超過總人口的 20%，也就是說每五人中就有一位是長者。從高齡社會到超 高齡社會僅需 7 年，臺灣老化速度為全球最快。此外，根據衛生福利部的統計，2023 年全國的 身心障礙者數量已達 120 萬人，顯示老年人及身心障礙者的照護需求正大幅增加。 而與照護需求增加隨之而來的是照顧者在身心和經濟上的重重壓力，這些壓力常常成為壓垮 駱駝的最後一根稻草，導致許多不幸事件發生。根據老人狀況調查報告顯示，照顧者平均需承擔 7.8 年的照護責任，每天平均照顧時間長達 11.06 小時，且隨著年齡增長，照護時間與年數也相 應增加。有 43%的照顧者認為自身有身心不適的情況。當面對親人失能，許多照顧者在毫無經驗 下被迫承擔所有壓力，倘若壓力達到臨界點，就可能會發生不幸事件。目前政府的長照體系主要 著重於失能者的身心評估，卻忽略往往對照顧者的身心狀況進行評估。 根據家庭照顧者關懷總會（家總）的統計，自 2018 年起媒體報導的照顧殺人事件逐年變化 ：2018 年 16 件，2019 年 8 件，2020 年 7 件，2021 年 6 件，2022 年 3 件，2023 年 14 件。儘管 長照制度自 2018 年實施以來，照顧殺人事件一度逐年下降，但在疫情期間，由於被照顧者無法 到據點接受服務，案件數再次攀升。家總秘書長陳景寧指出，疫情後案件數及死亡人數大幅增加 ，與經濟環境的變化有顯著關聯。殺人事件多發生於重度失能階段，雖然長照 2.0 的居家服務每 月最高補助約為 3 萬 6 千元，一年約 43 萬元，但根據陳景寧在願景工程基金會與聯合報合作報 導中提到，若使用機構服務，家庭一年僅獲得 6 萬元補助，僅為最高補助金額的七分之一。 原本承擔照護責任的照顧者，因承受巨大身心壓力而變成犯罪者，顯示如何有效減輕照顧者 的壓力和經濟負擔，完善長照制度，避免類似悲劇再度發生，是當前的重要課題。針對長照制度 中照顧者因經濟和心理壓力而衍生的問題，敬請貴院詳細回應並提出具體改善方案。"
"11-2-7-27",11,2,7,"羅智強","2024-10-30","本院羅委員智強，就高齡化和屋齡老化問題嚴峻，都市更新速度緩慢，影響銀髮族居住安全與環境品質，特向行政院提出質詢。","我國自 2018 年進入「高齡社會」，面臨嚴重的人口老化與住宅高齡化問題。雖然政府近年 來積極推動都市更新政策，但現況顯示，房屋老化速度遠超過都市更新的進展。依據內政部的數 據，全台超過五成的建物屋齡大於 30 年，國內老屋數量從 2014 年第 2 季的 355.5 萬戶增加至 2023 年第 2 季的 483.8 萬戶，增幅達 128 萬戶。若依此速度推算，今年老屋數量恐突破 500 萬戶 。 面對日益嚴重的人口老化問題，針對年長者居住需求的「銀髮宅」應顯著增加，老屋的安全 問題亦成為當務之急。未來針對銀髮族的住宅設施，如增建電梯及老屋翻新，勢必將成為重要議 題。 今年，包括基泰大直事件及 0403 花蓮大地震使老屋問題再度浮上檯面，民眾對居住安全的 關注逐漸升溫。政府應積極為銀髮族創造友善的居住環境，簡化都更案的審議程序，針對老屋重 建速度的提升及高齡者居住環境的配套措施提出明確規劃與回應。對此，敬請貴院詳細說明未來 政策規劃及執行進度，期能回應民眾需求，改善「雙老化」困境。"
"11-2-7-28",11,2,7,"羅智強","2024-10-30","本院羅委員智強，就全國寄養家庭招募面臨困境及高齡者參與寄養服務受限之問題，特向行政院提出質詢。","我國每年有許多兒童及少年因家庭因素需要接受寄養服務。根據衛生福利部社會及家庭署的 統計數據，2023 年全國共有 4,449 名兒少夥伴被安置，其中有 1,572 人被安排至寄養家庭。這顯 示出寄養家庭在兒少保護體系中的關鍵角色，為這些暫時需要照顧的兒少提供家庭式環境。然而 ，近年來全國各地在招募寄養家庭的過程中面臨諸多挑戰，尤其是高齡者參與寄養服務時，受保 險限制的問題最為明顯。 根據衛生福利部的數據，全國寄養家庭的戶數在 2021 年為 1,319 戶，2022 年增至 1,348 戶 ，但在 2023 年則下降至 1,342 戶。2022 年僅增加 29 戶，2023 年則減少 6 戶，這些數據顯示出 寄養家庭招募工作面臨的困難，現有寄養家庭數量無法滿足日益增長的需求。招募困難的原因多 樣化，包括社會觀念、經濟因素、時間投入等多方面的考量。目前，全國各地寄養家庭的團體意 外險投保年齡上限普遍設在 75 歲，這一限制使得部分身心健康且有豐富照護經驗的高齡者無法 繼續參與寄養服務，即便他們仍有意願和能力。這不僅導致寶貴人力資源的浪費，也影響了寄養 服務的穩定性和持續性。 寄養家庭服務是兒少保護體系中不可或缺的一環，為需要幫助的兒童和少年提供臨時的家庭 照顧。面對目前的招募困境及高齡者參與的限制問題，政府部門、保險業者、社福機構及社會各 界需共同合作，克服這些挑戰。請行政院正視上述問題，檢討政策並持續與各方溝通，以確保寄 養服務的可持續發展。"
"11-2-7-29",11,2,7,"顏寬恒","2024-10-30","本院顏委員寬恒，針對近期臺灣蛋價崩盤與雞蛋供應相關政策問題，特向行政院提出質詢。","一、近期臺灣蛋價跌跌不休，創下四年來新低，不僅蛋價波動導致民眾及餐飲業深感不安，甚 至已經有雞農業者不得不拋售養雞場，以求即時止損，農業部錯誤的政策導致雞農血本無 歸。 二、我國蛋雞的種雞係來自於外國，為避免國內蛋雞數量過多或是不足，農業主管機關會對種 雞數量調控，過去農委會核定的每年進口蛋雞種雞配額約在 20 萬隻上下，近年來進口數量 節節攀升，引用報導者的數據，2020 年引進 21.4 萬隻；2022 年因禽流感來襲，引進數量已 達 25.9 萬隻；2023 年持續擴大進口量，種雞進口量高達 34 萬隻。農業部不但沒有控制進 口數量，對於雞農、蛋農的建議充耳不聞，一意孤行的大量進口，導致現今蛋量供過於求 ，價格持續下跌。本席想請教農業部，為何過去未能有效管理雞蛋供應，導致今日雞蛋供 過於求？對於雞農、蛋農的損失，農業部該如何補償？ 三、蛋的產地價、批發價以及零售價都下降了，但民眾卻沒有感受到蛋的價格有下降。在便利 商店消費時，茶葉蛋仍是 10 元；在早餐店、餐廳加蛋仍是 15 元，無法刺激民眾的消費意 願，市場供需不均的情況只會持續擴大。針對餐飲業者與食品業者的價格調整，行政院該 如何有計畫增進市場的透明度，讓消費者對價格變動有更清楚的認知？該透過何種政策工 具使市場定價趨於合理、平衡市場？ 四、農業部產生錯誤的決策，引發了一系列市場的問題，包含目前市場雞蛋供應過剩，導致蛋 價崩盤，原因是業者過去進口過多種雞；冬季又將面臨禽流感高峰，屆時蛋雞數量必定削 減，又可能面臨國內雞蛋供應不穩定，造成蛋價再度飆漲的歷史情景。蛋價大起大落，民 眾、雞農、蛋農、餐飲業者憂心忡忡，有關供應鏈中雞蛋產量不穩的根本原因，政府是否 已有系統化的解決方案？ 五、政府的採購、政策的程序一定要符合公開透明的原則，這是開放政府最為先決的必要條件 ，民眾才得以對政府進行有效的監督、達成公共課責，確保政府的清廉。然而為了穩定雞 蛋供應，行政院推行多項政策，其中卻涉及不當操作、採購程序不透明等弊案。對此，行 政院是否已徹底調查並究責？"
"11-2-7-30",11,2,7,"林淑芬","2024-10-30","本院林委員淑芬，據查五股區公所行政大樓經耐震力詳細評估後，建議進行耐震補強，爰建請行政院協調內政部民政司，協助五股區公所行政大樓進行耐震補強，以維護建物安全，特向行政院提出質詢。","一、據查五股區公所行政大樓做為五股區行政中心，為民眾洽公的重要場所，同時也作為該區 的災害應變中心使用。 二、惟五股區公所行政大樓建築物老舊，經辦理耐震力詳細評估後，建議進行耐震補強，以維 護建物安全。 三、惟地方財政困難，爰建請中央政府補助新北市政府進行進行五股區公所行政大樓進行耐震 補強，以維護建物及民眾洽公安全，特向行政院提出質詢。"
"11-2-7-31",11,2,7,"林淑芬","2024-10-30","本院林委員淑芬，據查臺北捷運環狀線北環及南環段行政院108 年 5 月 31 日核定綜合規劃，原核定計畫總經費 1,377.92億元，因受疫情影響勞工短缺，大宗材料價格飆漲，臺北市政府辦理第 1 次修正計畫，計畫經費預計修正為 1,798.98 億元。為儘速加速興建進度，建請行政院儘速核定「臺北捷運環狀線北環及南環段修正計畫」，特向行政院提出質詢。","一、據查環狀線北環段路線由環狀線第一階段新北產業園區站起，自五股五工路轉以地下方式 續沿五權路、沿高速公路南側、穿越中山高速公路接中山一路轉蘆洲集賢路，循重陽橋經 士林社子、中正路、至善路至大直北安路與文湖線劍南路站相交，為蘆洲、五股民眾要往 士林、內湖之重要交通運輸路線。 二、惟臺北捷運環狀線北環及南環段行政院原核定計畫總經費 1,377.92 億元，因受疫情影響勞 工短缺，大宗材料價格飆漲，計畫經費預計修正為 1,798.98 億元，並延長工期至 122 年 6 月。 三、臺北捷運環狀線北環及南環段修正計畫經交通部審議後，已於 113 年 9 月陳報行政院審議 。為加速工程辦理進度，建請行政院儘速核定「臺北捷運環狀線北環及南環段修正計畫」 ，特向行政院提出質詢。"
"11-2-7-32",11,2,7,"羅智強","2024-10-30","本院羅委員智強，就弱勢族群的膳食扶助與補助問題，特向行政院提出質詢。","隨著新冠疫情與後疫情時代對社會的衝擊，台灣面臨著日益嚴重的社會扶助問題，特別是在 弱勢群體中，包括街友、身心障礙者及低收入家庭，依賴「待用餐」的數量顯著增加。然而，現 行的生活扶助政策主要以現金給付為主，這種做法在面對多樣化的社會需求時，顯得不足以有效 解決問題。 根據《社會救助法》第 11 條的規定，生活扶助應以現金給付為原則，這一原則雖然在行政 操作上方便，但卻未能考慮到不同弱勢群體的特定需求。例如，遊民的情況複雜，包括年齡、疾 病、失業、家庭壓力等多種因素，使得僅僅提供現金補助並不能有效改善他們的生活狀況。這種 情況下，現金的給予往往無法解決他們的基本生存需求，甚至可能導致資源的浪費。 美國的食物券計畫（food stamp program）的實施成果提供可借鏡的參考經驗，該計畫為低 收入家庭提供食物券，使他們能夠以此換取所需食品。這種方法不僅減少現金濫用風險，還有 效提高弱勢群體的膳食質量，從而改善其健康狀況。 在台灣，現行的食物救助政策多由地方政府自行制定，導致各地政策的多樣性與不一致性 。不同地區對於弱勢者食物權利的保障，往往依賴於民間團體的努力，這不僅增加了救助的難 度，也引發相關法律責任問題。 增加「膳食補助」將為弱勢群體提供更加穩定和可靠的生活保障，避免依賴單一的現金給 付。這一措施不僅能夠滿足他們的基本生存需求，還能幫助提升整體社會福利，促進社會的公 平與正義。此外，這樣的政策還可以促進公共和私人的合作，吸引企業及社會組織參與，形成 多方協作的良性循環，進一步加強食物援助的網絡。 針對弱勢族群的食物扶助與補助問題，敬請貴院詳細回應並提出具體解決方案。"
"11-2-5-18",11,2,5,"葉元之","2024-10-16","本院葉委員元之，針對近年政府積極推動區間測速科技執法，然 而 區 間 測 速 系 統 的 設 置 與 執 法 ， 引 發 民 眾 諸 多 質 疑 ，包 括設備故障或未通過檢驗、速限設定不合理、執法寬容值不明 確 等 問 題 ， 嚴 重 影 響 民 眾 對 行 政 部 門 的 信 任 ， 並 造 成用路人的困擾，特向行政院提出質詢。","一、根據立法院法制局報告與警政署資料顯示，「區間測速」乃利用「區間平均速率」測速系 統取締違反道路速限規定之一種科技執法方式;其測速原理係以車輛行經某路段特定兩點間 之固定距離，除以車輛之行駛時間，從而取得車輛之「平均速率」。查「區間測速」之執 法系統須於特定路段兩端設置監視器及車牌辨識系統，並在車輛通過偵測點時辨識號牌及 記錄系統時間，藉其擴增傳統定點測速之速率控制有效範圍，可抑制駕駛人瞬間超速行為 ，減少車輛間行駛速度差異，達到調控穩定車速效果，進而防制交通事故發生。 二、但現行車輛在測速路段之行駛時間是判斷駕駛人是否違反速限規定之關鍵資訊。參考現行 網路對時機制分析，建置「區間測速」系統必須注意之時間誤差包括：未能及時對時與校 時，導致上、下游偵測設備時鐘不同步之誤差;校時過程中，系統受到干擾所引起之誤差;時 鐘故障，系統仍然運作所造成之誤差等，因此區間測速並不完全公平，相當容易受機器軟 硬體或更新影響。 三、因此，民眾普遍對區間測速的公平性和合理性表示質疑。許多網友反映，區間測速的設置 地點和限速標準不夠透明，容易讓人感到措手不及。他們認為，某些路段的限速過低，與 實際道路狀況不符，導致駕駛人一不小心就超速，增加了被罰的可能性。這種執法方式被 部分民眾形容為「交通陷阱」，引發了對政府公信力的質疑。 四、另外，區間測速也可能涉及隱私保護的問題。區間測速需要長時間、連續地監控車輛的位 置和速度，這些資料的收集和保存方式是否符合法律規範，是否會對個人隱私造成侵害， 也是許多民眾相當質疑的。 具體建議：若無法達成下述四點，建請停止全國區間測速，進行總體檢，確保目的是促成 行車安全的區間測速，不會反倒成為交通亂源。 1.強化設備檢驗與認證：應定期對區間測速設備進行檢驗與校正，確保其準確性與可靠性。 2.合理設定速限：應根據路段特性與交通流量，科學合理地設定速限，避免過低速限造成 用路人的不滿。 3.明確執法寬容值：應明確規定執法寬容值，並加強宣導，避免民眾誤解。 4.提升資訊透明度：應公開區間測速設備的設置地點、測速範圍、違規舉發數量等資訊， 提高執法透明度。 交通安全是我們共同的目標，但管理方式必須科學、合理且得到民眾的支持。希望行政 院能夠重新檢視相關政策，採取更適當的措施來保障道路安全。"
"11-2-5-19",11,2,5,"羅智強","2024-10-16","本院羅委員智強，就公立幼兒園師資短缺問題，特向行政院提出質詢。","根據教育部師資培育及藝術教育司發布的中華民國師資培育統計年報，公立幼兒園代理教師 數量呈現顯著增長趨勢。幼兒園代理教師人數從 100 年度的 1 萬 7,733 人增至 111 年度的 2 萬 3,893 人，比率也從 100 年度的 9.29%上升到 111 年度的 12.70%，增幅達 3.41 個百分點，然而各 園所卻普遍反映招聘日益困難。 以台北市南海實驗幼兒園為例，媒體報導指出，作為台北市指標性的幼兒園往年招聘往往一 呼百應，今年卻需要六次招募才勉強補足師資。而在偏遠地區，此種困境更為嚴重，許多學校儘 管反覆進行多輪招聘，仍無法覓得合適的教師人選。不僅直接影響教學品質，更使得現有教師的 工作負擔顯著增加。教師們需承擔額外的教學任務和行政工作，長此以往可能導致工作倦怠，進 而引發教育品質下降、教師流失率提高等一系列惡性循環。 提升幼教工作的吸引力為當務之急，包括但不限於改善薪資待遇、拓展職涯發展機會以及優 化工作環境等方面的規劃。幼兒園教師高流動率不利於幼兒的穩定成長和依附關係的建立，因此 需要制定相應的因應策略，在教師流動的情況下維護幼兒的心理健康與情緒穩定。同時，也不能 忽視現職教師的權益，應制定措施防止教師過勞，在保持教育品質的同時確保教師的身心健康。 針對偏鄉幼兒園面臨的更為嚴重的師資短缺問題，應制定有針對性的支援措施，以確保這些 地區的幼兒同樣能獲得優質的教育資源。此外，政府推動的課後留園政策也面臨人力短缺問題， 需要有效的解決方案來確保政策的順利落實。 長遠來看，改善公立幼兒園教師聘任制度的規劃至關重要，包括提升幼教工作環境、優化人 才培育機制等方面的具體時程與目標。面對當前的師資短缺危機，制定緊急應變措施也是必要的 ，以確保新學期各幼兒園能夠正常運作，保障幼兒的受教權。 幼兒教育與國家的未來發展密切相關。請相關部門能夠正視這些問題，檢討執行並持持續提 出有效方案，確保每一位幼兒都能獲得優質且公平的教育資源。"
"11-2-5-20",11,2,5,"黃健豪","2024-10-16","本院黃委員健豪，鑑於臺灣少子化造成高等教育學校倒閉風潮，到今（113）年上半年為止，計有 15 所大專院校走入歷史，其中今年就有 7 所大學確定停辦，未來更有高達 90 所高中職、大專院校將面臨退場危機。面對退場後的校地處理，教育部訂定「私立高級中等以上學校退場條例」，退場私校以「校產歸公」為原則。為避免媒體報導財團獵校地問題發生，同時解決社會住宅用地不足、徵收不易的問題，政府應明確訂定校地退場優先興建社宅比例，同時給予地方政府於退校興建社宅獎勵機制，以加速社宅之興建，特向行政院提出質詢。","一、自 2020 年臺灣死亡率高於出生率，進入「生不如死」的少子化時代，許多學校面對缺少學 生就讀的困境，紛紛開啟退場機制，而教育部為了解決學校因財務惡化、師資品質不符規 定、積欠教職員薪資等亂象，於 2022 年訂定「私立高級中等以上學校退場條例」，私校遭 列為專輔後若 2 年仍未改善，教育部應下令停招、停辦，並於停辦後 2 個月內解散學校法 人。 二、據私校工會理事長吳忠春估算，2038 年私立高中職人數恐剩不到 3 萬，恐導致 50 間以上私 立高中職退場；私立大專院校未來至少 40 所以上大專校院面臨退場。合計至少 90 所以上 校園將要退場。據媒體報導，已有財團看上退場校地進入董事會，顯見退場後校地規劃是 未來教育部應注意之處。 三、政府將社會住宅當作居住正義的實現指標之一，然而迄今年九月底「既有」+「新完工」戶 數僅 3 萬多戶，加上興建中、決標未開工的也才 10 萬戶，民眾需求仍有極大增長空間。其 中，社宅土地取得是一大問題。然而面對高達近百所私校學校校地將退場，依法退場私校 以「校產歸公」為原則，政府應避免讓私校董事會私自處分土地淪為私用，而明確歸公收 回，並以興建社宅為優先，同時給予地方政府於退校興建社宅獎勵機制，以加速社宅之興 建，故此特向行政院提出質詢。"
"11-2-10-37",11,2,10,"蔡其昌","2024-11-20","本院蔡委員其昌，關於「依托咪酯（Etomidate）」之麻醉藥物，自今年八月法務部公告列為第三級毒品之後，該毒品氾濫問題仍嚴重，尤其是最近幾起毒駕之重大車禍案件都和它有關。惟查，目前主管機關衛生福利部食藥署尚未明定依托咪酯毒品的「閾值」，警方若逮獲疑似施用的駕駛並送驗尿液，將面臨無依據可裁罰的窘境；更嚴重的是，若遲未訂出法定標準（閾值），就算檢警積極抓人送辦，法院日後審理時，卻可能因無法認定毒駕，導致該毒品肇事者逍遙法外。另外，根據警察查緝經驗，依托咪酯易偽裝成民生用品空運入台，再加上分裝的製作成本低且工序簡單，又比傳統毒品更具暴利，不少人願意鋌而走險，導致警方抓不勝抓疲於奔命。而分裝成煙彈的依托咪酯，被非法添加進電子菸等看似無害的消費品中，使得青少年和學生族群成為其主要受害者，顯見其危害性其實已超過許多現行第二級毒品。綜上，就中央主管機關應儘速對依托咪酯毒品明定「閾值」，避免毒品肇事者逍遙法外，以及政府應考量依托咪酯之危害重大，須改列為第二級毒品管制等問題，特向行政院提出質詢。","一、依托咪酯（Etomidate）原本是管制用藥，是一種超短效靜脈麻醉藥物，常用於手術麻醉， 需要專業醫師控制劑量。近年來卻被不肖人士利用，將依托咪酯混和化學原料加熱製成電 子菸油，以電子菸方式施用，因其會使人陷入短暫昏迷和精神恍惚，而成為毒駕事故的主 要元凶之一。今（113）年 7 月，新北市三重分局的警員執勤時不幸被毒駕肇事者撞死，隨 後土城分局又有所長因盤查依托咪酯使用者而遭毒駕女子撞擊身亡，接連的事件引發社會 廣泛關注，由於造成許多治安問題，今（113）年 8 月 5 日經行政院公告依托咪酯列管為第 三級毒品。 二、惟正式公告列為第三級毒品後，警方抓到疑似施用者送驗尿液，卻因認定依托咪酯為毒品 的「閾值」（類似酒駕取締標準的呼氣酒測值為○．一五 mg/L）仍未定，導致迄今尚無人 被裁罰；更嚴重的是，攸關毒駕判刑依據的依托咪酯「閾值」，主管機關衛生福利部食藥 署如一直未訂出法定標準，就算檢警積極抓人送辦，法院日後審理時，卻可能因無法認定 毒駕，導致施用依托咪酯類或更新興的毒品肇事者逍遙法外。 三、又雖依托咪酯已正式公告列為第三級毒品管制，然而其危害性實際上已超過許多現行的第 二級毒品，蓋根據警方查緝經驗，查緝依托咪酯相當困難且抓不勝抓，因它易偽裝成沐浴 乳或洗髮精等類之民生用品空運入台，再加上分裝的製作成本低且工序簡單，每一公斤就 能摻製成四千顆煙油，比傳統毒品更具暴利，不少人願意鋌而走險，導致警方抓不勝抓疲 於奔命。而這類毒煙油彈，不只對身心健康危害大，甚至在青少年流竄，不肖份子常利用 青少年好奇、嘗試心態，將依托咪酯摻入各種水果口味之電子煙彈或煙油內，標榜「香甜 、放鬆、上頭」，在夜店或透過年輕族群常使用的社群媒體上販售，使得青少年和學生族 群成為其主要受害者。 四、綜上，要求行政院應儘速對依托咪酯毒品明定「閾值」，避免毒品肇事者逍遙法外；以及 應考量依托咪酯之危害重大，有改列為第二級毒品予以管制之必要。"
"11-2-10-38",11,2,10,"羅智強","2024-11-20","本院羅委員智強，針對低薪問題上的政策侷限，特向行政院提出質詢。","政府年年於重大談話中承諾提升青年薪資，然而，實質改善卻侷限於逐年調升基本工資。近 期提出「提高薪資揭露門檻」至 5 萬元，試圖以揭露機制達到低薪改善效果。在歐美國家，薪資 透明化政策的目的是為避免性別、年齡等歧視，並非針對低薪問題。若產業本身處於低薪區間， 即使全面揭露薪資也無法提高薪資水準。現如今的低薪問題已不僅僅在於工資本身，更是要考量 生活支出占比。薪資揭露門檻的調整並非解決低薪的根本方法。 事實上，不少工作受限於行業性質，難以突破低薪困境，因此，更應聚焦於降低低薪族的生 活負擔，使其基本生活無虞。低薪情況並非一夕可解，針對低薪族群設計針對性的支持政策，協 助低薪族對抗通膨影響，或效仿新加坡針對低薪產業實施技能提升方案，增強低薪勞工在職場中 的議價能力，進而為低薪族提供更實質的生活支持。 針對低薪問題上的政策侷限及成效不彰，應採取更具體的措施來改善低薪勞工的生活條件， 提升勞工職場競爭力，敬請貴院檢討、改善相關事宜並回覆。"
"11-2-10-39",11,2,10,"羅智強","2024-11-20","本院羅委員智強，針對調查局近期發生多起性騷擾及風紀事件，特向行政院提出質詢。","調查局作為我國核心執行肅貪、緝毒及維護社會秩序的重責，卻在近期接連爆出風紀問題與 性騷擾案件。調查局近五年性騷擾申訴案件共計就有 16 件，其中成立 9 件，並有 2 件刑事告發 ，內部性騷擾問題不容輕視。此外，近期爆發嘉義地區一位副主任對女部屬性騷擾並涉及金錢糾 紛、桃園調處主任在外餐敘後進入不當場合，均凸顯該局紀律管理機制亟需加強。 局長陳白立上任後雖強調內部紀律並加強懲處，對於違紀人員迅速處理，包括記過、調職等 措施，但從近年的性騷擾及風紀案件數量上看，內部紀律不彰仍然屢次發生，且性騷擾案件中不 成立的比例亦偏高，顯示內部應加強申訴流程的透明度及申訴者保護。 調查局性騷擾與風紀事件頻發，亦凸顯現行的預防措施尚不足，應持續加強性別平權教育， 並設立安全申訴管道，保障受害者的隱私及權益。針對調查局近期多起性騷擾及風紀事件，其人 員素行管理及防治措施的成效，敬請貴院檢討、改善相關事宜並回覆。"
"11-2-10-40",11,2,10,"顏寬恒","2024-11-20","本院顏委員寬恒，有鑑於《身心障礙者生活補助費發給辦法》2012 年始規定身心障礙者家庭總收入及財產，未超過新臺幣 200 萬元者，發放生活費，至今已有 12 年未調整，近年臺灣消費者物價指數持續上漲加上通貨膨脹等情況，是否有必要重新擬定該標準，特向行政院提出質詢。","一、2012 年 7 月發布《身心障礙者生活補助費發給辦法》，其第二條第一項第四款第三目規定 家庭總收入及財產須符合之標準，如家庭總收入平均分配全家人口之金額，未達當年度每 人每月最低生活費二點五倍，且未超過臺灣地區平均每人每月消費支出一點五倍、家庭總 收入應計算人口之所有存款本金及有價證券價值合計未超過一人時為新臺幣二百萬元，每 增加一人，增加新臺幣二十五萬元、家庭總收入應計算人口之所有土地及房屋價值合計未 超過新臺幣六百五十萬元等。 二、根據主計總處的統計顯示，我國 CPI（消費者物價指數）年增率自 2022 年起皆突破 2%，近 年通膨議題倍受國人矚目，物價隨原物料飛漲，然 2012 年之消費者物價總指數為 92.97， 與 2023 年 105.51 相差甚鉅，而《身心障礙者生活補助費發給辦法》中對於身心障礙者家庭 總收入及財產標準卻未隨之變動，仍係維持家庭總收入所有存款本金及有價證券價值合計 新臺幣二百萬元。 三、政府發放身心障礙者生活補助費用係為保障身心障礙者生存權益，照顧與支持其獨立生活 機會，然現若仍維持 2012 年所訂定之二百萬元，顯已與現今社會經濟狀況不符，亦使部分 身心障礙者無法申請生活補助費用，此與政府頒布政令保障及維護身心障礙者權益之初衷 背道而馳，建請貴院重新檢討該標準，並擬定與現行消費者物價指數相符之金額。"
"11-2-6-21",11,2,6,"羅智強","2024-10-23","本院羅委員智強，就維護我國高齡長者居住權議題，特向行政院提出質詢。","根據內政部統計，截至 2024 年 5 月，65 歲以上的老年人口共計約 438 萬人，預計 2025 年 台灣將步入超高齡社會。此外今年第 1 季，全台屋齡超過 30 年的老舊房屋有 483.2 萬戶，老屋 比例高達 52.4%，若以台北市為例，老屋比例更是突破七成，其中一半是五層樓以下沒有電梯的 老舊住宅。此外，截至 2023 年 6 月獨居老人宅數為 54.25 萬宅、獨居老人比率 7.29%，和 103 年 同期的 26.22 萬宅比，成長幾近 2 倍。因此無論考量老屋的居住環境與安全，或是老人獨居比例 增幅，政府都應當重視當前銀髮族的居住權利，推動適當政策。 然而事實上，目前無論是公立還是私立機構，想要興建安養機構面臨的主要問題是土地成本 過高，這使得民間企業不敢貿然投資高齡產業。對此，創辦「鑫淼天使居」照顧貧苦失能獨居老 人的前監察院長王建煊說：「國有土地、農業土地很多，政府應特別成立小組，專責釋出閒置土 地及讓農地變更用地」。 所以在興建成本高額的條件下，近年民間興建的銀髮住宅，目標族群多半設定為富有退休族 ，每月租金不含三餐，價格區間大約在 3 萬 5 千元至 8 萬 5 千元之間。對中產階級或社會經濟弱 勢退休族群來說，難以負擔。因此政府如果不重視銀髮族的居住正義政策，勢必會造成不正義擴 大。 對此，資策會科技法律研究所資深分析師黃毓瑩在 2023 年「高齡友善住宅」論壇中曾指出 ，歐洲銀髮住宅多採「公私協力」的模式。以芬蘭的多元照護社區「Keinukamari」為例，土地 是由市政府、運輸公司和保險公司共同持有，但住房是由老年住房基金會和公司開發，居家服務 由市政府提供，公共照顧服務則是交給民營照護運營商。透過公私協力的模式，不同階段由不同 單位負責，從而降低相關成本，讓中產階級與經濟弱勢族群也能負擔。建議行政院可以借鏡國外 經驗，儘速推動完整的銀髮族居住正義。 針對上述銀髮族居住問題，以及未來解決規劃等相關事宜，敬請貴院回覆。"
"11-2-6-22",11,2,6,"羅智強","2024-10-23","本院羅委員智強，就高層建築消防法規檢討與居住安全問題，特向行政院提出質詢。","今年新竹晴空匯社區發生火警，造成兩名消防人員不幸殉職，根據新竹市消防局調查指出， 起火處位於大樓地下一樓管道間電力配線，因故短路引發火災，其中晴空匯樓道間的電線過於密 集，加上社區一般電力和緊急電力的電纜線都在同一個管道，使火災發生時緊急電力無法輸送。 此次事件疑似因防火填塞未確實施作，造成濃煙沿著管道間、安全梯間向上竄升從而釀災。 有專家表示，地方建築主管機關核發使用執照時，因查驗項目過多，有些部分過於隱密難以查證 ，防火區劃和防火填塞是否能發揮遮煙作用，一時難以發現。因此建議為避免憾事再度發生，建 築法應適當修正，讓第三方機構進入施工現場進行查驗；此外，針對管道間電線密集分布、緊急 供電系統與常用電源設置於同一個管道間之缺失，專家也建議主管機關儘速檢討於建築技術規則 建築設備編中，增訂「緊急供電系統應與常用電源分置於不同區域」，明文規定常用供電與緊急 供電分為不同區域，分散火災發生時的電力風險。 隨著都市更新、新大樓興建，未來高樓棟數勢必繼續增加，考量目前國內僅有 3 台雲梯車超 過 70 公尺，因此為確保居住安全，政府必須予以重視高樓消防安全。針對高層建築的防災措施 以及相關法規修正等相關事宜，敬請貴院回覆。"
"11-2-6-23",11,2,6,"羅智強","2024-10-23","本院羅委員智強，就刑警案件負荷量增加，刑事津貼與工作量不成正比，特向行政院提出質詢。","近年詐騙案大增，根據警政署統計，112 年詐欺案件發生數為 37,823 件，較 111 年增加 8,314 件，致使刑警工作量暴增。以每位刑事警察平均移送案件來看，110 年為 62.69 件、111 年 為 75.74 件、112 年為 84.56 件，短短三年案件量暴增近 35%，造成目前各地刑警人力捉襟見肘 。 根據媒體報導，有資深警員表示，因詐欺案大增，每名偵查佐負責刑責區至少 50 件，甚至 破百件待查，人力缺乏部分多由派出所警員借調支援，但由於刑警工作程序繁瑣，借調措施並不 足以應付當前困境。 雖然目前刑警有刑事津貼 5,000 元，但由於行政警察待遇自今年 6 月 1 日起調升，夜間巡邏 每小時加領 100 元津貼，估計每月可多領 2,000 元左右，在行政警察津貼與刑警差距縮小的情形 下，造成人力本就不足的偵查隊已出現刑警調任的情況。 一位刑警的養成並不容易，大量詐騙案的工作量，成為壓垮刑警的最後一根稻草，也將刑警 長久以來人力短缺的問題浮上檯面。建議行政院適當增加刑警加給、增補人力，以及減輕非必要 負擔。 針對各地刑警人力短缺、工作量大增以及加給改善等相關事宜，敬請貴院回覆。"
"11-2-6-24",11,2,6,"黃健豪","2024-10-23","本院黃委員健豪，鑑於我國為達成溫室氣體減量而依法徵收之「碳費」即將正式上路，為避免發生未來碳費由中央收取，碳排放污染卻由地方承受之不合理情形，要求中央應撥交百分之八十比率碳費供地方政府利用，特向行政院提出質詢。","一、《氣候變遷因應法》規定中央主管機關為達成溫室氣體管制目標，得分階段對溫室氣體排 放源徵收碳費。環境部已於 113 年 10 月預告碳費費率，預計於 115 年 5 月正式開徵。 二、現行《空氣污染防制法》規定，中央主管機關由固定污染源所收款項，應以百分之六十比 率將其撥交該固定污染源所在直轄市、縣（市）主管機關；由移動污染源所收款項，應以百 分之二十比率將其撥交該移動污染源使用者設籍地或油燃料銷售地所在直轄市、縣（市）主 管機關。各地方政府自 86 年 9 月起，陸續成立空氣污染防制基金或環境保護基金，專用於 空氣污染防制工作。 三、台電台中發電廠係世界第四大之火力發電廠，每年碳排量高達 3,270 萬噸，台中市長期以來 飽受溫室氣體排放污染。碳費目的在於管制溫室氣體排放源，若碳費由中央收取，碳排放 污染卻由地方民眾承擔，影響民眾健康，顯然不公。參酌《空氣污染防制法》規定，該溫 室氣體排放源所在地之地方政府理應獲一定比例撥交，以利各地方政府減碳工作進行。爰 建請行政院研擬未來碳費開徵後，應將碳費百分之八十比率撥交由排放源所在地之地方政 府利用。"
"11-2-3-12",11,2,3,"黃建賓","2024-10-01","本院黃委員建賓，鑑於立法院三讀修正通過《地方民意代表費用 支 給 及 村 里 長 事 務 補 助 費 補 助 條 例 》 中 ， 久 任 村 里 長任職滿 6 屆且年滿 65 歲者，新增慰勞金。惟如村里長滿 6 屆，但未滿 65 歲者則無法領取，有違久任職滿之慰勞之意，實有欠公允，特向行政院提出質詢。","久任慰勞金名為久任，卻設置 65 歲年齡門檻，違久任職滿之慰勞之意，且未滿六十歲之全國 村里長比例高達 43%，爰建請行政院研議修改年齡之門檻。"
"11-2-3-13",11,2,3,"林國成","2024-10-01","本院林委員國成，有鑑於我國重要基礎交通建設業者之訂票平台會員數覆蓋眾多，倘發生資安異常事件，對於人民隱私與財產之權益侵害甚鉅，更恐成為國安問題。爰此，基於國民個資保障與數位犯罪防範之目的，特向行政院提出質詢。","一、爰高鐵公司為重要基礎交通建設，分類屬於國家資通安全責任 A 級單位，依資通安全法亦應 於發生重大資安事件時，通報相關單位，先予敘明。 二、詎於中秋節前後，高鐵竟發生 TGo 會員紅利點數被盜用案件，帳號遭異常兌換之被害會員 人數達 500 餘位，造成之財產損失尚難統計；且經被害會員客訴後，高鐵亦第一時間推卸 責任，指摘外包廠商及被害民眾，致使民怨四起，容有未洽。 三、又查，民眾為累積點數紅利及實名制需求，於申辦我國高鐵或台鐵會員時，均需提供包含 真實姓名、身分證字號、聯絡方式等重要個人資料；僅以高鐵公司而言，其會員即已有 275 萬餘人，接近我國人口數量十分之一。換言之，假我國交通運輸業者之資安維護存在破口 ，或成嚴重之個資侵害，更可能因資料遭不法集團取得濫用，致生重大財產損害，甚而衍生 國安問題，故相關交通運輸單位自應採行積極態度為迅速處理；然本次高鐵會員資訊遭盜 用案，屢經民眾反應後，卻僅口頭告知被害會員應自行報警，至於高鐵是否建立符合資通 安全法規範之通報標準程序，並確實履行法律上課予之通報義務，不無疑義，應予說明。 四、再退步言之，據高鐵公司基本規章、有關資訊安全風險管理辦法項下，票務、旅客服務系統 屬資訊應用系統，自應考量系統的機密性、完整性、可用性、法律遵循性等面向。揆諸數位 犯罪因具有快速即時之特性，現行 TGo 平台會員紅利點數規約上，僅對使用、兌換折抵等 訂有規範，並未列明帳號異常的處理方式；復參考部分公司法人（如 Google、Apple 等）就 其註冊會員帳號發生異常情形時，均會透由簡訊、E-mail 或手機警示等方式第一時間通知帳戶 使用人，以中斷或減少數位犯罪對其會員之侵害，惟現行高鐵 TGo 系統遲至本案發生後， 始預計導入登入通知系統，顯見我國重要交通運輸業者針對資安示警即時性與數位犯罪之 預防演練上仍有不足，未善盡資安風險管理之責任，應予改善。 五、綜上所述，爰請交通部、數發部、警政署等相關單位應重新檢討現行重要基礎交通運輸業 者會員平台就數位犯罪之預防、資安之維護，以及現行重大資安事件通報程序之妥適性， 並研擬相關改善計畫，以書面報告之，保障人民資安、財產與國家安全。"
"11-2-3-14",11,2,3,"顏寬恒","2024-10-01","本院顏委員寬恒，因行政機關打詐成效不彰，且 165 反詐騙專線程序繁複、效率低落，無法及時有效回應民眾需求，導致民眾求助無門，專線形同虛設，特向行政院提出質詢。","一、本席近期接獲陳情，某公司遭到詐騙集團冒用名義進行詐騙，導致多位民眾上當，受害者 已多次撥打 165 反詐騙專線，然而 165 處理程序繁複，時至今日無有效作為，仍然有許多 民眾持續反映類似事件。行政機關花費大量經費在打詐、阻詐上，卻連最基本的反詐騙專線 都無法發揮有效功能，反詐專線形同虛設，導致民眾對政府打詐決心感到存疑。 二、公司名義被冒用不僅損害公司本身之聲譽，也造成民眾受騙上當後血本無歸，這是一項日益 嚴重的社會問題。165 最近接獲多少件數有關於冒用公司名義進行詐騙的案件？在接獲類似 情形之詐騙行為後，是否有對這樣的詐騙行為做風險管理以及檢討相關措施？ 三、民眾已多次撥打 165 反詐騙專線，詐騙活動仍然持續發生，因此不免讓人懷疑行政機關效率 不佳亦存在責任劃分不明確而導致相關機關互踢皮球而無法及時回應民眾等問題。165 專線 案件從立案到解決的平均處理時間大約是多久？針對 165 反詐騙專線的運作流程，能否簡化 報案程序、提高行政效率，藉此更積極、快速的阻斷詐騙行為？ 四、詐騙的手法日新月異，詐騙集團的手法永遠領先政府打詐方式，防不勝防，即便如此，在 打詐方面仍然不能停下腳步。阻詐是一項公私協力的工作，在期許民眾有反詐意識之虞， 打詐這項工作仍必須由政府帶頭做起。數位發展部與警政署打擊數位詐騙、特別是冒用企業 名義詐騙行為上的跨部門協調溝通機制是什麼？ 五、為了因應數位轉型、達成電子治理之目標，數發部編列大量預算，在打詐方面，也做出了 許多對應的政策。數發部在打詐這方面有無訂定關鍵績效指標？透過科技技術、大數據分析 等方式，預計可以為阻詐帶來多少成效？"
"11-2-4-15",11,2,4,"羅智強","2024-10-09","本院羅委員智強，鑑於台電減免電費名單將菸草製造業列入可 減 免百 分 之七 範 圍， 多 數醫 療 院所 不 符電 費 減免 條 件 ，調 漲比率達百分之十四，高於產業電價平均調漲百分之十二點五一事，特向行政院提出質詢。","電價審議會在 9 月 30 日決議並發佈公告，新一輪電價調整於十月十六日上路，產業電價平 均調幅 12.5%，部分用電大戶調幅最高達 14%，對於整體民生消費物價造成重大衝擊，不少產業 呼籲應重新檢討各別產業對於民生之影響。 細究台電以行業別代碼所公布電費調漲範圍，竟發現多數醫療院所不符電費減免條件，調漲 比率達百分之十四，高於產業電價平均調漲百分之十二點五。反之，對於健康有害的菸草製造業 ，不僅漲幅未如同救命的醫療院所，還可減免百分之七，讓醫師與民眾紛紛感嘆「救命的比不上 賣菸的」。 董氏基金會亦對此表示擔憂，醫界憂心電價調漲，讓醫療院所不堪負荷，進而影響營運狀況 、醫護人員持續出走等結構性亂象，但菸草製造業卻是受惠，難怪醫界對此忿忿不平。 固然在民眾罵聲不斷後，經濟部於 3 日緊急宣布，菸草製造業調 14%，醫院診所、餐食及外 燴及團膳承包業、花蓮旅宿業等業別給予凍漲，仍顯見電價費率審議會在審議過程中，並未詳實 地針對各產業內容與對民生影響差異進行逐一審視，僅以帳面上之能源使用進行評定。 通膨持續升溫！行政院主計總處八月發布 2024 年七月物價調查結果，七月 CPI 年增率 2.52%，為近月新高。今年上半年通膨率也達 2.27%，依舊飆破 2%通膨警戒線。雖部分產業符合 用電及產值衰退的標準，但考量國家政策與公共利益，仍應納入民生物價相關性較高的產業，盡 量減低民眾所承受的高物價痛苦指數。 台電發言人副總蔡志孟受訪時提及，用電衰退百分之五及產值衰退百分之十五兩項電價漲幅 減半優惠條件，是電價審議會的決定，台電只是按審議會的決定。台電用電戶的行業別是依據主 計總處行業分類中的小類，看來應是無法再細分，若相關團體認於政府不該用電價調整方案，應 是從其他可直接影響的政策做引導，而不是從用電考量。 由於經濟部就相關調整方案，僅與電價費率審議會委員口頭報告，後續將採取書面方式確認 ，並將相關資訊列入會議資料及記錄作為正式補充。本席請行政院應責成經濟部與電價費率審議 會重新召開，縝密檢討電價調整方案並暫緩本次電價調整上路。"
"11-2-4-16",11,2,4,"鍾佳濱","2024-10-09","本院鍾委員佳濱，鑑於屏東東港安泰醫院發生大火時，適逢颱風山陀兒侵擾南臺灣，案發地點備有大量柴油供應發電機運 作 ，若 點 燃柴 油 將加 劇 火災 濃 煙產 生 ；另 抽 水站 及 水 產養 殖也都將柴油發電機做備援電力系統，當淹水發生時柴油發電機因各種因素終止運轉，為免上述情況再度發生，特向行政院提出質詢。","一、現臺灣備援電力系統多使用柴油發電機，集合式住宅備援電力系統也皆使用柴油發電機， 柴油發電機若無定期依規維護保養易造成火災及公共安全巨大疑慮。 二、抽水站備援電力系統皆多使用柴油發電機，當水災來襲柴油發電機被水淹沒即喪失功能； 另水患來臨時交通受阻，柴油運輸也將面臨相當大的困難。 三、水產養殖皆以柴油發電機做備援電力系統，在颱風期間無預警停電時，能維持水產生物氧 氣之供應。但淹水發生時柴油發電機被水淹沒即喪失功能，另淹水時柴油補給也將遇到相 當程度困難，進而導致水產養殖氧氣供應中斷，造成養殖戶大量損失。 四、未來應建立「備援電力媒合平台」，統整住宅、水產養殖及關鍵基礎設施之備援電力，依 各單位需求規劃備援電力方案，以利災防及復電，更能防止火災發生，另在強風豪雨來襲 前人民也能做好準備，減少台電工班復電壓力，分流不同需求讓人民得到協助災後重建家 園。 五、爰此，建請行政院評估集合式住宅建立安全性較高的現代儲能系統做備援方案，並訂定設 於一樓及定期維護保養規範之可行性。 六、爰此，建請行政院評估建立「備援電力媒合平台」統整與分流住宅、水產養殖及關鍵基礎 設施備援電力系統方案及各方案災害應變措施之可行性。"
"11-2-4-17",11,2,4,"鍾佳濱","2024-10-09","本院鍾委員佳濱，鑑於颱風山陀兒裹帶豪雨，為全臺帶來大量損失，台灣電力公司指出截至本月 4 日中午 12 時，全臺曾停電戶數約 40 萬戶。近年集合式住宅之台灣電力公司配電室設置於地下樓層，此種建築設計易產生火災及公共安全疑慮，另復電所需時間不短，特向行政院提出質詢。","一、據台灣電力公司現行《新增設用戶配電場所設置規範》第六條             配電場所設置地點應符合 下列條件：一、配電場所以設置於面臨道路之地面一樓或空地為原則，設置於地面一樓或 空地有困難者，得設置於其他樓層，十六樓以上之建築物宜分設於地面及適當之中間樓層 。 二、台灣電力公司受電室設置於地下樓層發生淹水時，須待水災過後並將地下樓層積水抽除才 得以復電；並發生火災時悶燒致高溫及大量濃煙，且若受電室設置於地下樓層更導致救災 困難。 三、爰此，建請行政院評估訂定法規以規範將台灣電力公司配電室設置於一樓之可行性。 四、爰此，建請行政院評估在不影響行人通行空間的前提下，將台灣電力公司配電室設置於集 合住宅基地範圍內一樓退縮公共開放空間之可行性。"
"11-2-15-47",11,2,15,"羅智強","2024-12-25","本院羅委員智強，針對減塑政策的推廣成效、未來計畫及相關配套措施，特向行政院提出質詢。","我國自 2002 年起推動限塑政策，對百貨公司、量販店、便利商店等 14 類場所實施禁限塑 膠袋措施。根據經濟部統計，2023 年國內塑膠袋內銷量達 20.8 萬公噸，較政策剛推行時的 14.6 萬公噸不減反增，顯示限塑政策尚未有效解決塑膠污染問題。 傳統市場與夜市的塑膠袋使用量占全國近六成，環境部雖以柔性方式推動「市場減塑推動 作業指引」，鼓勵消費者自備環保袋、攤商不主動提供塑膠袋，但因缺乏配套措施，政策落實 成效參差不齊。 根據環境部統計，「示範減塑市場」可減少約 4,500 萬個塑膠袋，但此數據缺乏長期追蹤機 制支撐，政策能否持續擴大效益仍有待觀察。此外，現行政策未對市場和夜市的塑膠袋使用量 設置量化目標，也未能針對公有市場及夜市差異化消費模式制定適切策略。公有市場的消費者 多屬計畫型購物，較易接受自備環保袋，但夜市因以觀光客為主，消費屬即興性，減塑政策需 更具彈性與針對性。 針對減塑政策的推廣成效、未來計畫及相關配套措施，敬請貴院檢討、改善相關事宜並回 覆。"
"11-2-15-48",11,2,15,"羅智強","2024-12-25","本院羅委員智強，就打詐政策與成效議題，特向行政院提出質詢。","近年來，詐騙犯罪日益猖獗，已成為台灣社會亟待解決的重要議題。「打詐儀錶板」於今 年 8 月上線，透過視覺化的圖表讓民眾更加直觀地瞭解全國與各縣市每日及每月民眾被騙狀況 （含案件受理數、財損數）、警察機關打詐成果（含查獲詐欺集團、查扣不法利得、攔阻被害 匯款），並辦理識詐宣導（含詐騙管道分析及防堵成效），以此來增強民眾防詐意識，並促進 警察機關的查緝行動，但實際成效不如預期。 根據警方統計，今年 10 月全國詐騙財損金額達 120 億元，已超過去年全年 88.78 億元的總 數，而 11 月詐騙財損更高達 126 億元，顯示詐騙案件及財損金額持續攀升，無法有效遏止。國 際反詐專家指出，2022 年台灣實際詐騙損失金額可能超過 1,000 億元，是官方數據的 12 倍，顯 示大部分詐騙案件未被納入統計。詐騙犯罪的實際影響遠超目前掌握的數據，特別是在境外詐 騙和使用虛擬貨幣的案件中，犯罪手法更加複雜且難以追查。 根據「打詐儀錶板」的數據顯示，在查扣不法所得方面，11 月的金額顯著減少，從 10 月的 46 億 2,597.2 萬元下降至 6 億 1,973.6 萬元，減幅達 87%。然而，11 月財損金額增幅最大的縣市 為新竹縣，其財損金額從 10 月的 3 億 7,455.4 萬元大幅增加 165%，達到 9 億 9,098.4 萬元。僅 11 月一個月，全台財損金額即激增至 126 億元，較 10 月增加超過 5%，可以看出詐騙財損金額 增速遠超查扣不法利得的速度。9/3 單日全台被詐 6 億 121.5 萬元，受理詐騙案件數量達 657 件 之多，台灣每日平均遭詐 3 至 5 億！ 更令人關切的是，過去五年來，電信詐欺案件數量激增，從 2019 年的 3.49 萬件增至 2023 年的 22.97 萬件，成長率高達 600%。詐騙行為已從個案蔓延為系統性犯罪，台灣正逐漸被貼上 「詐騙之島」的標籤。無論是成立「打詐國家隊」還是增設數位發展部，耗資數百億元的政策 舉措是否真正有效減少詐騙犯罪，值得更深入的檢討。 針對防制詐騙政策上的執行效能與未來規劃，敬請貴院詳細回應並提出具體改善方案。"
"11-2-15-49",11,2,15,"羅智強","2024-12-25","本院羅委員智強，針對醫美手術風險及衛生單位管理缺失，特向行政院提出質詢。","近日，一名婦人在台北市某醫美診所進行麻醉手術後不幸死亡。根據媒體報導，這名約 50 歲的婦人於進行麻醉手術時，突發異常，經診所送醫搶救後仍未挽回生命。事故發生後，專業醫 師指出舒眠麻醉若處理不當，可能導致呼吸困難、缺氧，甚至危及生命。然而，這類醫療過程中 ，未見麻醉專科醫師的積極參與和嚴格監管，主管機關對醫美使用麻醉的監管力度不足，未能確 保患者麻醉的安全。 根據麻醉醫學會及專科醫師的專業建議，每次麻醉手術應由經過專科訓練的麻醉醫師操作， 並需配備專業麻醉護理師，且必須有生命監測設備來隨時監控患者的生命徵象。若醫美診所未設 有麻醉專科醫師和專業監護設備，將可能無法充分保障患者的安全。因此，對醫美診所的監管應 該進一步加強，並確保所有麻醉手術均能在合格的專業人員指導下進行，從而降低風險。 衛生單位對醫美診所的監管應該更為嚴格。雖然該事件後衛生單位已經派員進行稽查並要求 診所提供說明，並提供醫療爭議調解的途徑，但這些措施是否足以防止類似事件的再次發生，仍 然需要進一步完善。主管機關更應對醫美行業加強監督，確保所有麻醉手術都在專業環境中進行 ，並對醫美從業人員提供必要的培訓與認證，從根本上保障民眾的健康與安全。 針對醫美手術風險及衛生單位管理缺失，應採取更具體的措施來改善，敬請貴院檢討、改善 相關事宜並回覆。"
"11-2-15-50",11,2,15,"羅智強","2024-12-25","本院羅委員智強，針對 108 課綱中多元學習與自主學習政策執行後造成的資源分配不均、學習形式化及教師與學生負擔加劇等問題，特向行政院提出質詢。","108 課綱中的多元學習與自主學習政策雖立意良善，旨在提升學生的核心素養與學習自主性 ，但在實施過程中卻也有顯著問題的出現。首先，多元學習的推行旨在培養學生的多方面能力， 但在實務操作上卻產生許多困難。課程設計中，各類選修與活動被要求納入學習歷程檔案，目的 是鼓勵學生探索多元興趣。然而，許多學生因應升學壓力，必須投入時間參加與升學相關的學科 競賽、社團活動甚至額外補習，以強化學習檔案的「競爭力」，導致學習目的變得功利化且重複 性高。由於資源分配不均，城市與偏鄉學校間的落差，亦使資源有限的學生難以公平參與。 另外，自主學習部分原本設計是為幫助學生培養探索與規劃能力，但實施過程中，許多學生 因缺乏清晰指導，甚至無法界定適合自己的學習主題，常淪為「形式化」作業，僅為滿足學校規 定。教師則面臨額外指導學生撰寫學習計畫及監督進度的壓力，無法專注於課堂教學。教師在有 限的時間內需協助大量學生完成學習檔案，更加重了教學負擔，使核心課程的教學效果打折。 基於以上問題，應重新檢視 108 課綱在多元與自主學習部分的設計與實施細節，確保政策真 正落實培養學生素養的初衷，避免加重學生、教師和家長的壓力。敬請貴院檢討、改善相關事宜 並回覆。"
"11-2-15-51",11,2,15,"羅智強","2024-12-25","本院羅委員智強，就舊空軍總司令部（空總）用地空間的運用及文化傳承成效，特向行政院提出質詢。","舊空軍總司令部（空總）地處台北市中心黃金地段，擁有 7.15 公頃的土地，為台北市中心 的珍貴用地，具備重要的文化與歷史價值，然而隨著 2012 年空軍總司令部遷出後，該土地的規 劃及使用問題引發社會高度關注。 2018 年文化部成立所謂「台灣當代文化實驗場」（C-LAB），計畫八年投入 150 億元，旨 在打造一個結合當代藝術、科技媒體與社會創新的複合式園區，期望成為文化創新的基地。然而 ，根據目前的運營數據，C-LAB 自成立以來雖舉辦超過 1,000 場活動，累積吸引約 45 萬人次參 與，但相較於其地理位置及投入資源，參與率與使用效益遠低於社會期待，未能有效帶動人潮與 周邊經濟活動。 空總園區內有約 2/3 的土地因劃為文資保護區，現有建築包括 2 棟古蹟與 15 棟歷史建築， 受限於文資保護規定，開發與利用的靈活性受到限制。剩餘的約 2.85 公頃空間主要位於園區後 段，規劃使用範圍有限。文化部目前採用「臨時使用計畫」形式進行操作，但尚未完成都市計畫 變更的正式申請，相關規劃進度與台北市政府的回饋協商進展緩慢，涉及多方協調與整合。另一 方面，該地區的潛在使用模式也成為社會討論的焦點。空總用地的運用牽涉文化部、國發會、台 北市政府等多方單位，其後續規劃與發展亟需明確方向。如何平衡文化傳承、經濟效益與社會需 求，既是政策規劃的挑戰，也是公共資源運用的關鍵課題。 針對空總用地目前的發展現況、文化創新成效及未來定位，敬請貴院詳細回應並提出具體改 善方案。"
"11-2-15-52",11,2,15,"萬美玲","2024-12-25","本院萬委員美玲，針對行政院宣布明年起將停辦「班班有鮮奶」政策乙事至表關切。「班班有鮮乳」政策從起初倉促上路、造成許多學校及老師負擔後，至今匆忙喊停，顯現政府施政草率且缺乏規劃，使全臺 2,624 所國小與附設幼兒園及133.5 萬名學童受影響，更讓臺灣本土酪農業者成為未竟政策下之犧牲品。政府過去就有過失敗政策，如「班班吃石斑」，至今又有「班班有鮮奶」，此類政策看似立意良善，最終卻讓學校與學生承擔政府政策不成熟之後果。行政院應妥善規劃政策，本次忽視實施前準備，導致資源浪費，不僅辜負全臺本該有鮮奶喝之學童，更重創了我國本土酪農業信心。政府推行各項政策不應只看表面效果，應細緻規劃、妥善配置人力與資源，才是真正利民之舉，爰要求行政院針對本次「班班有鮮奶」之政策不足之處做檢討，以避免未來再有類似失敗政策、浪費預算且辜負民眾之情事發生，特向行政院提出質詢。專案質詢11－2－15－0053立法院議案關係文書 中華民國 113 年 12 月 25 日印發案由：本院萬委員美玲，有鑑於衛生福利部疾病管制署近日表示，今（113）年流感併發重症確定病例數與死亡數創 10 年新高，65 歲以上占比高達 59%，且死亡病例已累計 61 例，其中98%皆未接種本季流感疫苗。臺灣歷經疫情高峰時期，應深化防疫體系並加強全民對於流感與新冠等疫苗接種率，其中孩童與 65 歲以上年長者尤其重要，以有效防控疫情，然經查，全臺診所與藥局之快篩檢測於市面供應不足外，臺灣全民對疫苗之接種率普遍低下，根據衛生福利部疾病管制署資料顯示，65 歲以上族群之新冠疫苗（COVID-19 JN.1）接種率僅15.87%，爰建請衛福部強化快篩試劑之可取得性，並加強衛生教育，宣導民眾有相關症狀便要進行快篩檢測，且儘速提升全國民眾（尤其 65 歲以上長者）之新冠疫苗接種率，以保障全國民眾健康，爰此，特向行政院提出質詢。","一、根據衛福部疾病管制署統計，本流感季自 113 年 10 月 1 日至 113 年 12 月 8 日止，已累計 309 例流感併發重症病例，且 65 歲以上長者為多，占比達 59%，且死亡病例累計 61 例，其 中高達 98%為未接種本季流感疫苗者，死亡率為近 10 年同期最高。 二、根據衛福部疾病管制署資料顯示，自 113 年 10 月 1 日至 113 年 12 月 8 日止，全國 65 歲以 上長者疫苗接種率僅 15.87%、6 個月至 4 歲孩童接種率僅 3.91%、5 歲至 11 歲孩童接種率 僅 12.04%，普遍低下外，全國接種率更僅有 6.71%，嚴重不足，故需加強宣導與儘速提升 我國疫苗接種率。"
"11-2-15-54",11,2,15,"萬美玲","2024-12-25","本院萬委員美玲，有鑑於臺鐵火車坐椅皆採用絨布材質，然臺灣氣候較為潮濕悶熱，且臺鐵所有列車皆開放飲食，種種因素下使絨布座椅極容易產生髒汙，且污漬也不易清潔去除，久而久之使臺鐵絨布座椅總是灰黑一片，藏汙納垢，使許多臺鐵通勤民眾怨聲連連外，臺鐵同時也是許多觀光客遊玩臺灣的交通選擇，此情況亦會影響外國遊客對臺灣之印象。臺鐵座椅不似臺北捷運，捷運為安全考量而採用之塑膠硬滑材質較容易清潔，因此臺鐵座椅如何保持乾淨與清潔十分重要，且臺灣經疫情期間後，大眾運輸工具之消毒與清潔亦不可忽視。臺鐵座椅髒污已多次遭民眾抱怨，網路上亦有許多針對臺鐵座椅髒污之討論，甚至有民眾認為座椅太過髒污而不敢坐的情事發生，爰要求臺鐵針對如何有效清潔與保持臺鐵整潔、保障民眾與外國遊客乘坐臺鐵之舒適體驗提出妥善規劃與措施方案，爰此，特向行政院提出質詢。專案質詢11－2－15－0055立法院議案關係文書 中華民國 113 年 12 月 25 日印發案由：本院萬委員美玲，針對媒體報導指出全國逾七成以上大專院校超過 3 個學年度未曾辦理交通安全講座乙事，至表關切。根據交通部與警政署統計資料顯示，112 年全國 18 歲至 24 歲年輕族群發生交通事故數約有 150,056 件，相較於 111 年的144,971 件，增加超過 5,000 件交通事故，數量驚人，事故死亡人數更從 226 人不減反增至 233 人，又根據教育部統計，全國 106 所大專院校中，有辦理交通安全相關議題課程僅 32所，且 110 到 112 學年度，參與課程總人次逐年減少，年輕族群剛取得駕照上路，對道安觀念可能尚不成熟，為讓臺灣擺脫交通地獄，針對年輕族群的道安教育必不可少，爰建請教育部要求每個學校都應把交通安全列為重要課題，加強宣導與教育，特向行政院提出質詢。","一、根據交通部與警政署統計資料顯示，112 年全國 18 歲至 24 歲年輕族群發生交通事故數約有 150,056 件，相較於 111 年的 144,971 件，增加超過 5,000 件交通事故，數量驚人，死亡人 數更從 111 年的 226 人，112 年增加為 233 人。 二、又根據教育部統計資料，112 年全國 106 所大專院校中，有辦理交通安全相關議題課程僅 33 所，其中技專校院有開設的學校數更從 110 年至 112 年不增反減的從 8 所減少為 7 所， 參與課程總人數也是逐年減少。 三、近年來「禮讓行人」交通意識逐漸抬頭，為早日讓臺灣擺脫行人地獄之惡名，需從年輕族 群觀念教育做起，讓駕駛與用路人皆有正確道路安全觀念，始能有安全的交通環境。"
"11-2-15-56",11,2,15,"萬美玲","2024-12-25","本院萬委員美玲，針對國內近來多起毒駕事件與電子煙有關乙事，至表關切。拒絕毒品全民有責，但近期多起交通死亡事故皆與毒品相關，且肇事者多為以電子煙吸食毒品「喪失煙彈」（依托咪酯）後無法安全駕駛而引發死亡車禍。根據國健署與各縣市衛生局統計，自去（112）年 3 月立院通過《菸害防制法修正草案》，全面禁止電子煙後，稽查 50 萬件內僅開罰 1,247 件，且成案率低，僅 0.0025%，可見對於新興煙品查緝不力，導致毒品流竄影響青少年身心健康之外，駕駛吸食此類電子煙後致使不能安全駕駛，更造成多起交通死亡事故，許多家庭也因此天人永隔。爰建請行政院應落實電子煙的查緝，並加強與各地執法機關的聯繫與合作，以有效阻斷非法電子煙品與毒品的流通，同時要求行政院應強化宣導措施，針對電子煙及毒品的危害加強公眾教育，特別針對青少年群體，透過教育防止毒品危害社會，特向行政院提出質詢。","一、根據國健署與各縣市衛生局統計，自去（2023）年三月立院通過《煙害防制法修正草案》，全 面禁止電子煙後，稽查吸食電子煙之件數多達 50 萬件，其中開罰件數僅 1,247 件，為違法販 售電子煙 251 件、違法販售加熱煙 619 件、違規吸食 404 件。 二、再根據國健署推估，全台有近 8 萬名青少年正在使用電子煙；今（2024）年 7 月至 9 月，全國 警方查獲之「喪屍煙彈」違法案件有 681 件，平均一個月有高達 227 件。 三、電子煙大多含有尼古丁成分，易有成癮問題，除了影響青少年大腦發展與造成肺部損害，更可 能增加罹患癌症風險；而俗稱「喪屍煙彈」的麻醉藥物「依托咪酯」（Etomidate）已於今年 八月正式被列為三級毒品，法務部更規劃在年底前將其升級為二級毒品，許多不肖業者將其 添加在電子煙彈中，除了成癮，還會造成腎上腺機能不全、注意力渙散恍神，進而可能引發 交通事故，須加強查緝、宣導，以防止電子煙及毒品影響社會。"
"11-2-15-57",11,2,15,"萬美玲","2024-12-25","本院萬委員美玲，有鑑於賴清德總統上任後強調國防安全，且總統府設立全社會防衛韌性委員會，並欲提升整體國軍戰力，但根據國防部公開資料顯示，我國國軍編現比逐年明顯下滑，自 2020 年的 88.57%，下滑至今（2024）年的 78.6%，短短 4 年減少近 10%，目前編現比例已遠低於一般認知作戰之最低標準 85%。編現比逐年減少有戰力空洞化之疑慮，又根據國防部向立法院之報告顯示，我國志願役人數於 2021 年底的 16 萬人，逐年漸少至今年 6 月僅剩 15 萬人，為 2018 年以來新低。自賴清德總統上任以來，兩岸關係持續緊張，國人對兩岸外交與官方互動也明顯感受惡化，總統多次表示政府會持續推動國防改革，堅強戰力，但實際我國軍隊情形卻不如預期，爰建請國防部針對此事儘速檢討並規劃如何落實編現比目標，以維護我國軍隊戰力與國家安全，特向行政院提出質詢。","一、根據國防部公開資料顯示，我國自 2020 年起至今編現比分別為 88.57%、87.57%、82%、80% ，今（2024）年為 78.6%，短短 4 年減少近 10%外，今年編現比例已遠低於一般認知作戰之最 低標準 85%。 二、根據國防部統計，我國國軍志願役人數自 2021 年底為近年最高 16 萬 4,884 人，2022 年減少 為 15 萬 9,392 人、2023 再減少為 15 萬 4,686 人，至今年 6 月底統計，志願役人數降為 15 萬 2,885 人，為 2018 年以來新低。 三、有媒體針對「2024 年兩岸關係年度大調查」顯示，國人對兩岸外交、軍事與官方互動均感受 惡化，認為兩岸外交處於高度競爭狀態民眾更達 63%，較去年增加 7%，顯見民眾對兩岸關係 感受為持續緊張化。但實際上，我國軍隊編現比情形卻不如預期，恐有戰力空洞化之疑慮， 更無法提升我整體防衛量能及國防安全，應儘速檢討並規劃如何落實編現比目標，以維護我 國軍隊戰力與國家安全。"
"11-2-15-58",11,2,15,"萬美玲","2024-12-25","本院萬委員美玲，針對近期媒體報導海科館館長經常以高分貝音量交辦工作、以情緒性字眼飆罵部屬等疑似職場霸凌乙事，至表關切。職場友善與尊重他人是團隊和諧的重要基石，且行政院對於建構健康友善之職場環境也十分重視，人事總處於 108 年 4 月 29 日函頒訂定「員工職場霸凌防治與處理建議作為」以及「員工職場霸凌處理標準作業流程」，顯見對友善職場環境之重視，然社會卻仍頻頻傳出有職場霸凌之情事，尤其近期海科館館長疑似霸凌事件甚至發生於公務單位，公務單位未能以身作則，反倒因近期新聞沸沸揚揚，實屬不該，為維護公務人員權益與尊嚴、營造健康友善之公務職場環境，請各公務單位清查職場霸凌事件，並將「情緒管理」列為機關首長任派之品性重要指標，以宣揚友善職場環境，也保持職場霸凌之申訴管道，終結公務機關職場霸凌惡習，爰此，特向行政院提出質詢。","一、行政院宣示為建構健康友善之職場環境，經人事總處 108 年 4 月 29 日函頒訂定「員工職場 霸凌防治與處理建議作為」及「員工職場霸凌處理標準作業流程」，籲請各機關重視職場 霸凌問題，檢視內部防治與處理作業。 二、公務單位對政府政策應當以身作則，邇來卻頻傳機關首長情緒暴力與職場霸凌事件，實屬 不該，應主導防治職場霸凌，以達公務單位宣導與教化功能。 三、為維護公務人員權益與尊嚴，營造健康友善的公務職場環境，請公務單位清查職場霸凌事 件，並將「情緒管理」列為機關首長任派之品性重要指標，以宣揚友善職場環境，也保持 職場霸凌之申訴管道，以終結公務機關職場霸凌惡習。"
"11-2-15-59",11,2,15,"羅智強","2024-12-25","本院羅委員智強，針對杜絕學習歷程檔案抄襲亂象，建立比對系統，特向行政院提出質詢。","學習歷程檔案制度本應是學生展現多元學習成果的機會，但其商品化問題日益嚴重，衍生 出抄襲與不正當行為，對守法學生的權益造成重大影響。根據學生團體於 2024 年 2 月的記者會 指出，目前學檔代寫代做的情況屢見不鮮，包括補習班推出的「一日考照班」、針對多元表現 的高價寒暑假營隊，甚至部分學校引進業者販售的學檔模版，讓學生可低價購買使用，嚴重偏 離學檔的設計初衷。 針對代寫問題，根據規定，由他人代寫學檔內容已構成違規行為。然而，教育部雖於 2022 年 5 月發函各高中，警告電商平台販售學檔代寫服務可能涉及不實宣傳，並要求學校加強宣導 ，但實際執行效果有限。數位發展部也於 2024 年 3 月 20 日向各協會與公司發函，要求電商平 台審查此類廣告，但代寫行為依然難以杜絕。 在技術層面，教育部建置的「高級中等教育階段學生學習歷程資料庫」已具備存儲學生上 傳資料的功能，並由授課教師進行作業認證。然而，抄襲比對功能至今未能落實。據研發該系 統的專家表示，若資料庫加入抄襲比對機制，系統可偵測學生間或校內外學習成果的相似度， 並回傳異常結果以供教育部調查。然而，教育部以「難以認定抄襲者與被抄襲者」、「小組合 作作業本身存在相似部分」為由，迄今未採取進一步行動。這樣的現狀使人不禁質疑教育部是 否真的重視學檔制度的公平性。代寫行為和抄襲現象的存在，損害了守法學生的競爭優勢，也 讓學檔制度失去應有的價值。教育部應正視問題，立即著手建立抄襲比對系統，並完善配套機 制，確保所有上傳內容的公平性和真實性。 針對杜絕學習歷程檔案抄襲亂象，建立比對系統，敬請貴院回覆。"
"11-2-15-60",11,2,15,"羅智強","2024-12-25","本院羅委員智強，針對學習歷程檔案制度通盤改革議題，特向行政院提出質詢。","隨著 108 課綱的實施，學習歷程檔案（以下簡稱學檔）成為學生進入大學的重要依據。然 而，這項初衷良好的政策，卻在實行過程中衍生出諸多問題，例如抄襲、代寫代做以及商品化 現象，嚴重侵害了公平教育的核心價值。面對學檔的混亂，教育部不僅未能有效治理，反而在 關鍵問題上採取曖昧態度，令人質疑其政策執行能力與改革決心。 首先，學檔亂象層出不窮：抄襲、代寫成常態。學生團體早在 2024 年初便召開記者會，指 出學檔的商品化問題愈演愈烈，包括坊間補習班提供的「代寫代做服務」、高價營隊直指「多 元表現」的需求，甚至部分學校還引入業者的學檔模版，讓學生以低廉價格購買使用。這些現 象表明，學檔原本應是展現學生自主學習與個人特色的平台，卻淪為投機取巧的工具。 具體而言，補習班除了傳授學檔製作技巧，甚至直接幫學生完成內容，已明顯構成「代寫 」，這不僅違反了教育倫理，更嚴重損害真正努力學生的權益。然而，教育部在應對這些問題 時，僅僅於 2022 年和 2023 年間數次向各校函文，呼籲教師、學生和家長「不要受騙」，完全 缺乏實際的執法手段。 其次，教育部的「資料庫」淪為擺設。教育部雖設立了「高級中等教育階段學生學習歷程 資料庫」，聲稱可用於存儲學生上傳的檔案並進行抄襲比對，然而該系統卻被證實形同虛設。 一位參與資料庫開發的教授指出，系統內具備比對功能，能辨識資料相似度過高的案件並反饋 給教育部。然而，教育部卻以「難以認定抄襲責任人」以及「小組作業相似度自然較高」等理 由，拒絕啟動抄襲比對功能。這種消極態度不僅縱容了抄襲行為，也讓資料庫失去了應有的監 管作用。數據顯示，大量相似度過高的檔案依然能順利通過審查，這無疑為不肖業者與學生提 供了操作空間，進一步加劇了學檔的混亂。 第三，學檔商品化現象已對教育公平造成衝擊。高價營隊、一日考照班以及代寫代做服務 的盛行，已經讓學檔從教育政策的改革工具，淪為補習產業的商業產品。家長若無法支付高昂 費用，孩子的學檔內容自然相對弱勢，導致資源分配不均進一步被放大。更令人擔憂的是，竟 傳出直接販售學檔模版，將「公平競爭」的精神拋諸腦後。在這種情況下，教育部既沒有嚴格 規範學校與業者的合作關係，也缺乏有效的監督機制，任由商品化現象侵蝕教育公平。 學檔原本是為了讓學生展現個人特色與能力，卻因商品化與抄襲問題失去了公平性。教育 部的不作為與怠惰，不僅無法解決問題，反而助長了投機取巧的風氣。面對學生與家長的合理 期待，教育部必須拿出具體行動，而非空洞的宣導與推諉。唯有徹底改革，才能挽回學檔政策 的初衷，重建社會對教育公平的信心。 學習歷程檔案制度自實施以來，雖然初衷是為了讓學生展現多元學習成果，然而，隨著抄 襲、代寫與商品化問題愈演愈烈，該制度的公平性與公信力受到嚴重挑戰。為此，針對現有問 題，提出六項具體改革建議，以期重塑學檔制度的初衷，並解決現有制度弊病。 一、增訂行政處罰規定：目前，學檔代寫與相關廣告行為屢禁不絕，教育部應增訂明確的行政 處罰規定，對違規代寫業者與廣告平台進行重罰，以有效遏制學檔商品化現象。同時，應 加強電商平台監管，嚴查違規內容，保障學檔制度的公正性。 二、建立檢舉與獎勵機制：為杜絕不當學檔製作行為，可研議建立檢舉機制，並提供合理獎勵 ，鼓勵學生或相關人員主動舉報違規行為。此舉可大幅提高學檔審查的透明度與執行力， 形成全社會共同監督的氛圍。 三、設置專責輔導機構：學檔製作需要一定的專業指導，但目前學生資源不均，教育部應設立 專責輔導與諮詢機構，為學生提供免費的製作指導，避免因經濟條件差異而導致的不公平 競爭。 四、強化大學端審查能力：大學在審查學檔等書面資料時，應具備辨識抄襲與代寫的能力。教 育部應強化大學端的審查機制，培訓審查人員，並引入比對技術，確保錄取標準符合公平 原則。 五、檢討提升法規位階：目前有關學檔的相關規範仍偏低，應提升法規位階，建立更具約束力 的規範體系，為學檔制度的公平與公正提供堅實的法律基礎。 六、召開全國性研討會：學檔問題涉及多方利益，應定期召開全國性研討會，廣納意見，檢討 學檔實施成效，並針對相關問題提出切實可行的改進方案。 學檔制度的推行本應是提升教育多元性的里程碑，但亂象叢生卻令其初衷失色。透過 上述六項建議，教育部可逐步完善學檔制度，重建其公信力，並為學生創造更公平的競爭 環境。針對學習歷程檔案通盤改革，敬請貴院回覆。"
"11-2-18-65",11,2,18,"吳宗憲","2025-01-15","本院吳委員宗憲，有鑑於使用牌照稅法第五條第二項規定，完全以電能為動力之機動車輛使用牌照稅將於 114 年 12 月 31 日停止免徵。根據公路局最新統計，領有統一牌照電動汽車高達94,731 輛，機車 770,290 輛，合計超過 17 萬輛。依相關規定，完全以電能為動力之電動小客車、機車、大客車及貨車皆以馬力為收稅標準。然電動車與燃油車的馬力輸出原理不同，使用馬力作為收稅標準可能使電動車有實際對道路損耗較少卻因其高馬力而支付較高稅金的不平等情形產生。爰此要求財政部針對電動車收稅標準，參考各界意見後研議調整方向，以 保障 電能 車之 公 平牌 照稅 收稅 方 式， 特向 行政 院 提出質詢。","一、根據交通部公路局統計查詢網，機動車輛登記數按廠牌及使用燃料分，電能分類在 113 年 11 月底領有統一牌照汽車高達 94,731 輛，機車 770,290 輛，合計超過 17 萬輛（「電能」之定義 為：車輛僅以電能驅動者），且由附表四可看出 111 至 113 年電能汽機車新車領牌數在整體 上有增加趨勢。可見電動車牌照稅問題影響甚深，應以更謹慎且公平之方式計算。 二、以馬力為稅收標準可能產生之不平等影響：電動車核心價值在於其零碳排或低排放，以馬力為 收稅標準無法反映其對環境的正面效益，可能削弱鼓勵電動車使用的政策意圖。且起初以馬 力作為稅收標準，可能是考量到高馬力車輛通常對道路設施的損耗較大，因此需要較高的稅 金來平衡公共維護成本。然而電動車的馬力通常比同級燃油車更高，且高馬力並不一定意味 著更高的基礎設施損耗或更大的排放量，因此課徵相同甚至更高稅額會使不平等情況產生。 三、參考他國稅收模式，可以發現大致上以年費、里程數為收費方式，其中繳納年費的標準多為重 量或固定稅額。以美國為例，美國雖然各州規定不同但大致上燃油車和電動車最大的區別就 在於燃油車需繳燃油稅，而電動車不用。相對地，電動車需要繳交年費，燃油車不用。其他 國家還有像是澳洲以里程方式計算、中國以「車船稅」按車輛排氣量每年徵收一次，但電動 車全免。日本是收「汽車稅」，也是以年費固定稅率方式來收稅。 附表一、《使用牌照稅法》規定之完全以電能為動力之電動小客車使用牌照稅稅額表 附表二、《使用牌照稅法》規定之完全以電能為動力之電動機車使用牌照稅稅額表 附表三、《使用牌照稅法》規定之完全以電能為動力之電動大客車及貨車使用牌照稅稅額表 附表四、根據交通部公路局統計查詢網〈機動車輛新車領牌數─按廠牌及使用燃料分〉之 電能類別數據整理 機動車輛新車領牌數─按廠牌及使用燃料分（107 年 1 月起） 汽          車   機         車     合         計 111 年            16,558         87,690          104,248 112 年            25,489         79,765          105,254 113 年（1~11 月）    34,504         73,796          108,300"
"11-2-18-66",11,2,18,"羅智強","2025-01-15","本院羅委員智強，就「班班有鮮乳」農業部、教育部未有縝密規劃，倉促實施不到一個學期就喊卡，然北市現行規劃辦法顯示經規劃可有效發送學童，且全國教育團體與家長團體均呼籲重新啟動「生生喝國產乳」計畫，特向行政院提出質詢。","政府過去推動「班班吃石斑」，結果上路沒多久，就因魚貨供應調度問題變成「班班缺石斑 」；更因為石斑魚加工過程繁瑣，加工量能不足，實施不到 9 個月就收攤。 「班班有鮮奶」推出時，外界即質疑，學校缺乏冷鏈保冷設備，政策無配套就草率上路。 回顧「班班有鮮乳」實施不到一個學期就喊卡，係因農業部與教育部未事先做好溝通、系統 性之執行規劃，搞出「鮮乳之亂」，台北市長蔣萬安出席行政院會，分享台北經驗提解方，由其 親自拜會四大超商及全聯、家樂福等大型通路業者，以解決冷鏈等技術問題。業者也都表示願意 配合北市，助政策延續。 蔣萬安找到了方法，讓孩子們能繼續喝到鮮奶，學生安心、家長方便、老師工作負擔不增加 。行政院應從善如流，參考北市做法恢復提供學童鮮乳，不要再找藉口，連小朋友都要騙。 根據今年 07 月 16 日教育部長鄭英耀於全國教育局處長會議的發言，此計畫是教育部與農業 部跨部會合作，提供國產鮮乳給全國國小學童及附設幼兒園學生，每週兩次，且規劃為四年期的 常態性政策。媒體公開揭露全國皆知，突然喊停此計畫，不僅失信於民，更損害了學童權益。 班班有鮮乳計畫執行中出現的配送問題主要因 14 元價格壓力，導致乳品生產者與配送單位無 法獲得合理利潤，變相要求酪農承擔公益角色。此外，配送規劃欠缺周全，例如多數乳品被堆積到 校園後，因無冷藏保存設備造成教師負擔加重。同時，由於 GGM 羊乳標章、CAS 標章或產銷履 歷標準供應商數量不足，導致全國供應鏈無法滿足需求，進一步造成政策執行困難，然而無論校長 、教師、家長皆表示支持學童乳品政策不應喊停。 衛生福利部強調，無論是鮮乳還是保久乳，只要標示為 100%生乳，其營養價值在鈣質與蛋 白質含量上無異。國際標準均認定 100%生乳為完整營養來源，因此政策應以科學依據為基礎， 靈活使用鮮乳與保久乳以保障供應穩定。 多數縣市已表態支持班班喝鮮乳政策，包括新北、台北、雲林、嘉義、屏東等地，顯示地方 政府具備落實能力。應賦權地方縣市政府依其考量適當納入營養午餐供餐體系，確保政策更具整 體性。同時，全國校長協會也建議，或可透過超商便利商店系統讓學生自行領用，進一步提升政 策彈性與執行效果。 考量「班班有鮮奶」政策呼應賴清德總統「健康台灣」國家願景，不僅是教育部與農業部共 同承諾的政策，更攸關全國兒童未來健康，日前行政院宣布停辦，在各教團與家長團體的共同呼 籲下，基於兒童健康永續與權益保障，行政院應汲取前次執行不當之經驗，經縝密規畫及各界溝 通後，重新啟動「生生喝國產乳」計畫。"
"11-2-18-67",11,2,18,"陳菁徽","2025-01-15","本院陳委員菁徽，考量都市地區道路品質乃影響國人生活甚深，是以就「提升道路品質計畫（內政部）2.0」專案經費對於高雄市區辦理規劃疑義，特向行政院提出質詢。","一、有鑑於中央政府每年度雖針對全國 22 直轄市及縣（市）辦理國營事業管線挖掘市區道路施 工回填復舊考評，以及推動管線挖掘道路回填品質自主管理，強化管線單位與地方道路主 管機關運作整合機制。然而，就提升道路平整度品質，並降低道路挖掘頻率事項辦理上， 仍實際讓國人在市區道路見到各類不同之回填造成的坑洞、新舊鋪面交界處之高低起伏等 ，所影響國人道路使用等問題。 二、是以，中央政府雖規劃並編列前瞻第五期特別預算案當中 65 億「提升道路品質計畫（內政 部）2.0」專案經費，並欲處理改善前開情形。然考量經費執行期僅短短的到今年度 8 月， 恐不利高雄市實際所需，以及受改善經費挹注等工程規劃，是以建請中央政府體察地方需 求，積極協助經費補助與趕辦作業。 三、當前，高雄市內如左營區翠華路（明潭路─崇德路）及楠梓區德民路（外環西路─高楠公 路）等路段，皆有道路路面改善之急切需求，建請中央政府優先辦理補助審查，及後續撥 款事宜。"
"11-2-18-68",11,2,18,"陳菁徽","2025-01-15","本院陳委員菁徽，就經濟部受行政院督導辦理對中鋼公司營運之事宜，特向行政院提出質詢。","一、有鑑於中央政府鬆綁離案風電水下基礎之國產化政策，致使中鋼所投入之大量資源打造廠 房、培訓頂級焊工人才及國內供應鏈生態體系建造等皆遭受枉費。俟後，更因此讓基層工 會成員有感因不平等競爭，所導致信賴保護原則受違背。 二、爰此，建請行政院落實責任管理，促請經濟部儘快協助及提出有效措施，幫助中鋼成立之 興達海基轉型，並承接製造利基型產品，藉此早日攤平中鋼虧損，創造政策、轉投資事業 獲利及產業完整等共贏。"
"11-2-18-69",11,2,18,"羅智強","2025-01-15","本院羅委員智強，針對衛生福利部對社會救助政策標的人口掌握不足問題，特向行政院提出質詢。","衛福部負責督導辦理社會救助業務，應精準掌握政策目標人口，以有效訂定政策方向及分配 資源。然而，根據主計處公布的福祉衡量指標統計，106 年至 111 年我國相對貧窮率介於 6.75% 至 7.53%，但內政部及衛福部統計資料換算出的貧窮人口僅占總人口的 3.99%至 4.93%，兩者之 間存在明顯落差，且落差呈現逐步擴大的趨勢。 政策標的人口掌握不準，直接影響資源分配的精確性，導致部分弱勢群體無法獲得應有的援 助，削弱政策的效能。衛福部作為社會救助政策的主要督導與規劃單位，應積極精進對貧窮人口 的計算與掌握，並採取更具國際參考價值的方法，以提升政策的公平性與精準性。參考 OECD 對貧窮率的計算方式，可更全面反映社會中需要援助的弱勢群體，為政策調整提供具代表性的數 據基礎。建立更精準的人口掌握機制，對於協助弱勢人口、維護社會穩定與增進福祉具有關鍵作 用。敬請貴院檢討、改善相關事宜並回覆。"
"11-2-18-70",11,2,18,"羅智強","2025-01-15","本院羅委員智強，針對衛生福利部社會救助業務在協助經濟弱勢脫貧方案中的不足，特向行政院提出質詢。","衛福部督導辦理社會救助業務，其目標之一在於協助經濟弱勢自立脫貧。然而，目前的脫貧 方案與服務忽視漸進式脫貧的重要性，政策設計缺乏必要的「緩衝期」，使得部分受助者面臨額 外的經濟壓力。不少接受輔導的民眾及家庭因擔心跨過貧窮線後補助瞬間全無，選擇持續處於貧 窮線以下，以避免進一步陷入更深的經濟困境。 此種政策設計導致「貧窮陷阱」的形成，影響受助者脫貧的積極性與可能性，背離社會救助 協助自立的初衷。衛福部應正視現行制度的缺陷，推動政策思維進步，採取階段式的脫貧策略， 逐步降低補助，並提供配套的就業支持政策，確保受助者能穩健過渡至自立生活。階段式脫貧的 設計可包括逐步減少補助金額、延長補助期限及增強就業支持服務，協助受助者在逐步擺脫貧窮 的過程中穩定經濟基礎。唯有如此，才能真正達成社會救助的核心目標，減少對經濟弱勢群體的 長期依賴，並提升社會整體福祉。敬請貴院檢討、改善相關事宜並回覆。"
"11-2-18-71",11,2,18,"羅智強","2025-01-15","本院羅委員智強，針對文化部補助公共電視 Taiwan Plus 國際影音平台運營成效及節目內容中立性問題，特向行政院提出質詢。","文化部推動「發展國際數位傳播計畫」，補助公共電視 TaiwanPlus 平台，旨在向國際觀眾 傳播台灣形象。然而，TaiwanPlus 成立已滿三年，APP 下載數僅 16 萬餘次，未達 112 年度預計 22 萬次的目標，成效遠不如預期。從觀看次數分布來看，網站、APP 及 YouTube 的觀看比例主 要集中於亞洲區域，分別達 67.6%、71.1%、55.5%，國際擴散效能顯著不足，未能有效觸及其他 洲際目標觀眾。 此外，TaiwanPlus 在節目製作與新聞報導上存在偏頗問題。如「打貪專題」以民眾黨主席柯 文哲的上手銬照片為主圖，內容集中於其涉及的京華城土地改建弊案，卻未等比例報導民進黨相 關涉貪事件，顯然未能恪守國家媒體應有的中立性原則。同時，其美國大選報導中，使用「被定 罪的重刑犯」形容川普，帶有濃厚政治立場，嚴重違背新聞專業。依據《公共電視法》第 36 條 及第 37 條規定，公視節目應保持客觀性及公平性，且不得就尚在偵查或審判中的案件發表評論 ，新聞報導應與評論明顯區分，內容需公正、客觀，不得歪曲或隱蔽事實。《公共電視節目製播 準則》亦要求，公廣集團應屬於全體國民，不專為政府或特定政黨服務。然而，TaiwanPlus 在內 容製作及報導上明顯違背上述規範。 文化部以大量預算支持 TaiwanPlus，卻未能有效監督其國際擴散成效，且節目內容未能遵守 法定中立原則。文化部應就 TaiwanPlus 的營運策略及節目內容進行全面檢討，確保資源運用得 當，並杜絕偏頗報導，以維護國家媒體的公信力。敬請貴院檢討、改善相關事宜並回覆。"
"11-2-17-65",11,2,17,"吳宗憲","2025-01-08","本院吳委員宗憲，有鑑於使用牌照稅法第五條第二項規定，完全以電能為動力之機動車輛使用牌照稅將於 114 年 12 月 31 日停止免徵。根據公路局最新統計，領有統一牌照電動汽車高達94,731 輛，機車 770,290 輛，合計超過 17 萬輛。依相關規定，完全以電能為動力之電動小客車、機車、大客車及貨車皆以馬力為收稅標準。然電動車與燃油車的馬力輸出原理不同，使用馬力作為收稅標準可能使電動車有實際對道路損耗較少卻因其高馬力而支付較高稅金的不平等情形產生。爰此要求財政部針對電動車收稅標準，參考各界意見後研議調整方向，以 保 障 電 能 車 之 公 平 牌 照 稅 收 稅 方 式 ， 特 向 行 政 院 提 出質詢。","一、根據交通部公路局統計查詢網，機動車輛登記數按廠牌及使用燃料分，電能分類在 113 年 11 月底領有統一牌照汽車高達 94,731 輛，機車 770,290 輛，合計超過 17 萬輛（「電能」之定義 為：車輛僅以電能驅動者），且由附表四可看出 111 至 113 年電能汽機車新車領牌數在整體 上有增加趨勢。可見電動車牌照稅問題影響甚深，應以更謹慎且公平之方式計算。 二、以馬力為稅收標準可能產生之不平等影響：電動車核心價值在於其零碳排或低排放，以馬力為 收稅標準無法反映其對環境的正面效益，可能削弱鼓勵電動車使用的政策意圖。且起初以馬 力作為稅收標準，可能是考量到高馬力車輛通常對道路設施的損耗較大，因此需要較高的稅 金來平衡公共維護成本。然而電動車的馬力通常比同級燃油車更高，且高馬力並不一定意味 著更高的基礎設施損耗或更大的排放量，因此課徵相同甚至更高稅額會使不平等情況產生。 三、參考他國稅收模式，可以發現大致上以年費、里程數為收費方式，其中繳納年費的標準多為重 量或固定稅額。以美國為例，美國雖然各州規定不同但大致上燃油車和電動車最大的區別就 在於燃油車需繳燃油稅，而電動車不用。相對地，電動車需要繳交年費，燃油車不用。其他 國家還有像是澳洲以里程方式計算、中國以「車船稅」按車輛排氣量每年徵收一次，但電動 車全免。日本是收「汽車稅」，也是以年費固定稅率方式來收稅。 附表一、《使用牌照稅法》規定之完全以電能為動力之電動小客車使用牌照稅稅額表 附表二、《使用牌照稅法》規定之完全以電能為動力之電動機車使用牌照稅稅額表 附表三、《使用牌照稅法》規定之完全以電能為動力之電動大客車及貨車使用牌照稅稅額表 附表四、根據交通部公路局統計查詢網〈機動車輛新車領牌數─按廠牌及使用燃料分〉之 電能類別數據整理 機動車輛新車領牌數─按廠牌及使用燃料分（107 年 1 月起） 汽          車   機         車     合         計 111 年            16,558         87,690          104,248 112 年            25,489         79,765          105,254 113 年（1~11 月）    34,504         73,796          108,300"
"11-2-17-66",11,2,17,"羅智強","2025-01-08","本院羅委員智強，就「班班有鮮乳」農業部、教育部未有縝密規劃，倉促實施不到一個學期就喊卡，然北市現行規劃辦法顯示經規劃可有效發送學童，且全國教育團體與家長團體均呼籲重新啟動「生生喝國產乳」計畫，特向行政院提出質詢。","政府過去推動「班班吃石斑」，結果上路沒多久，就因魚貨供應調度問題變成「班班缺石斑 」；更因為石斑魚加工過程繁瑣，加工量能不足，實施不到 9 個月就收攤。 「班班有鮮奶」推出時，外界即質疑，學校缺乏冷鏈保冷設備，政策無配套就草率上路。 回顧「班班有鮮乳」實施不到一個學期就喊卡，係因農業部與教育部未事先做好溝通、系統 性之執行規劃，搞出「鮮乳之亂」，台北市長蔣萬安出席行政院會，分享台北經驗提解方，由其 親自拜會四大超商及全聯、家樂福等大型通路業者，以解決冷鏈等技術問題。業者也都表示願意 配合北市，助政策延續。 蔣萬安找到了方法，讓孩子們能繼續喝到鮮奶，學生安心、家長方便、老師工作負擔不增加 。行政院應從善如流，參考北市做法恢復提供學童鮮乳，不要再找藉口，連小朋友都要騙。 根據今年 07 月 16 日教育部長鄭英耀於全國教育局處長會議的發言，此計畫是教育部與農業 部跨部會合作，提供國產鮮乳給全國國小學童及附設幼兒園學生，每週兩次，且規劃為四年期的 常態性政策。媒體公開揭露全國皆知，突然喊停此計畫，不僅失信於民，更損害了學童權益。 班班有鮮乳計畫執行中出現的配送問題主要因 14 元價格壓力，導致乳品生產者與配送單位無 法獲得合理利潤，變相要求酪農承擔公益角色。此外，配送規劃欠缺周全，例如多數乳品被堆積到 校園後，因無冷藏保存設備造成教師負擔加重。同時，由於 GGM 羊乳標章、CAS 標章或產銷履 歷標準供應商數量不足，導致全國供應鏈無法滿足需求，進一步造成政策執行困難，然而無論校長 、教師、家長皆表示支持學童乳品政策不應喊停。 衛生福利部強調，無論是鮮乳還是保久乳，只要標示為 100%生乳，其營養價值在鈣質與蛋 白質含量上無異。國際標準均認定 100%生乳為完整營養來源，因此政策應以科學依據為基礎， 靈活使用鮮乳與保久乳以保障供應穩定。 多數縣市已表態支持班班喝鮮乳政策，包括新北、台北、雲林、嘉義、屏東等地，顯示地方 政府具備落實能力。應賦權地方縣市政府依其考量適當納入營養午餐供餐體系，確保政策更具整 體性。同時，全國校長協會也建議，或可透過超商便利商店系統讓學生自行領用，進一步提升政 策彈性與執行效果。 考量「班班有鮮奶」政策呼應賴清德總統「健康台灣」國家願景，不僅是教育部與農業部共 同承諾的政策，更攸關全國兒童未來健康，日前行政院宣布停辦，在各教團與家長團體的共同呼 籲下，基於兒童健康永續與權益保障，行政院應汲取前次執行不當之經驗，經縝密規畫及各界溝 通後，重新啟動「生生喝國產乳」計畫。"
"11-2-17-67",11,2,17,"陳菁徽","2025-01-08","本院陳委員菁徽，考量都市地區道路品質乃影響國人生活甚深，是以就「提升道路品質計畫（內政部）2.0」專案經費對於高雄市區辦理規劃疑義，特向行政院提出質詢。","一、有鑑於中央政府每年度雖針對全國 22 直轄市及縣（市）辦理國營事業管線挖掘市區道路施 工回填復舊考評，以及推動管線挖掘道路回填品質自主管理，強化管線單位與地方道路主 管機關運作整合機制。然而，就提升道路平整度品質，並降低道路挖掘頻率事項辦理上， 仍實際讓國人在市區道路見到各類不同之回填造成的坑洞、新舊鋪面交界處之高低起伏等 ，所影響國人道路使用等問題。 二、是以，中央政府雖規劃並編列前瞻第五期特別預算案當中 65 億「提升道路品質計畫（內政 部）2.0」專案經費，並欲處理改善前開情形。然考量經費執行期僅短短的到今年度 8 月， 恐不利高雄市實際所需，以及受改善經費挹注等工程規劃，是以建請中央政府體察地方需 求，積極協助經費補助與趕辦作業。 三、當前，高雄市內如左營區翠華路（明潭路─崇德路）及楠梓區德民路（外環西路─高楠公 路）等路段，皆有道路路面改善之急切需求，建請中央政府優先辦理補助審查，及後續撥 款事宜。"
"11-2-17-68",11,2,17,"陳菁徽","2025-01-08","本院陳委員菁徽，就經濟部受行政院督導辦理對中鋼公司營運之事宜，特向行政院提出質詢。","一、有鑑於中央政府鬆綁離案風電水下基礎之國產化政策，致使中鋼所投入之大量資源打造廠 房、培訓頂級焊工人才及國內供應鏈生態體系建造等皆遭受枉費。俟後，更因此讓基層工 會成員有感因不平等競爭，所導致信賴保護原則受違背。 二、爰此，建請行政院落實責任管理，促請經濟部儘快協助及提出有效措施，幫助中鋼成立之 興達海基轉型，並承接製造利基型產品，藉此早日攤平中鋼虧損，創造政策、轉投資事業 獲利及產業完整等共贏。"
"11-2-14-44",11,2,14,"羅智強","2024-12-18","本院羅委員智強，針對計程車合作社及車行疑有聯合調漲靠行費行為，為避免該聯合壟斷行為影響個體司機生計，特向行政院提出質詢。","近日計程車司機均有所反應一項令人憂心的現象，各車行與合作社在短短半年內，將司機 每月需繳交的靠行費從 1,000 元大幅調漲至 1,800 元，漲幅高達 80%。這樣的調整對於收入不穩 定的計程車司機來說無疑是沉重負擔，也引發了司機們的高度關注。政府正視此事深入調查是 否存在聯合壟斷或不當漲價的行為，確保在公平競爭的基礎上運行。 一、聯合漲價行為可能違反《公平交易法》 依據《公平交易法》第 14 條之規定，事業間不得以契約、協議或其他方式聯合決定價 格、限制供應、分配市場等影響公平競爭的行為。從目前的情況來看，各計程車行與合作社 幾乎同時且一致地調漲靠行費，且漲幅相當接近，這樣的行為可能已經構成「聯合行為」。 若業界透過協商或默契方式達成共識，形成價格壟斷，則無疑違反了公平交易原則，損害 了廣大司機的利益。 二、聯合壟斷對司機生計的重大影響 計程車司機作為勞動密集型產業的基層勞動者，收入來源完全依賴每日長時間工作所 得。根據相關數據，計程車司機的平均月收入在扣除燃料、車輛維護以及靠行費後，實際 可支配的金額並不高。如今靠行費漲幅達 80%，直接壓縮了司機的生活空間，甚至可能導 致部分司機因不堪重負而退出市場。這不僅損害了司機的權益，也可能對整體運輸產業的 正常運行產生負面影響。 對此，公平交易委員會和交通部應立刻展開調查，1.針對此次靠行費大幅調漲事件，調查車 行與合作社是否存在聯合壟斷行為，並依法處理違法者。2 要求車行與合作社公佈靠行費調漲的 具體成本依據，確保價格調整有合理基礎，而非無端剝削司機。3.建立監督機制，針對計程車行 業中可能發生的不公平交易行為，建立協調平台機制，防止類似事件重演。 聯合漲價行為不僅損害個體司機的權益，更破壞市場秩序與社會公平正義。若此類行為得 不到及時糾正，將助長壟斷氣焰，影響其他產業的公平競爭。作為政府，有責任介入並解決此 問題，展現維護市場公平的決心，避免基層勞動者成為利益集團壟斷的犧牲品。 針對靠行費聯合漲價的問題，我們期望政府相關部門展現效率與決心，迅速調查並採取必 要措施，確保計程車行業在公平、透明的環境下運行。請政府正視此事，還司機一個合理的經 營環境，並維護我國市場經濟的健康發展。"
"11-2-14-45",11,2,14,"羅智強","2024-12-18","本院羅委員智強，針對長照 2.0 所提供長照家庭社會支持與喘息服務量能不足，產生近年頻發生長照家庭悲歌，特向行政院提出質詢。","近年屢發生長照家庭照護悲歌，顯見現行「長照 2.0」政策未足夠健全，得已支撐長照家庭 經濟負擔與個人喘息。在面對快速高齡化社會，長照喘息服務的重要性日益顯著，許多家庭的主 要照護者正承受著無法忽視的身心壓力。 然而，現行喘息服務的量能仍遠未滿足需求。根據 2022 年、2023 年的數據顯示，全年長照 喘息服務的量能約僅能達 14 萬人次，而全台潛在需求估算約為 65 萬人次，不到四分之一的需求 被滿足。此等供需間的巨大差距，不僅加劇了家庭照護者的負擔，更可能引發家庭悲劇，正如近 期發生的一名丈夫因長期照護身患罕病的妻子不堪重負而導致的墜樓殺人事件，令人深感痛心。 長照喘息服務旨在為家庭照護者提供短暫的喘息時間，以緩解長期照護對身心健康的影響。 現有的服務形式包括居家喘息、機構喘息和社區喘息等，但受限於基層人力短缺、地區資源分配 不均等原因，政府投注大量資源宣導之效果卻未達預期。在量能上也遲遲難以擴展，針對罕病患 者的照護中，涉及的醫療費用與技術需求更為複雜，對喘息服務的品質和範圍提出了更高要求。 為了提升喘息服務的量能，亟需加大政府對長照領域的投入，完善政策規劃與實施。更應針 對需求地區進行更精確的分析，以確保資源分配的公平與效率。同時，針對現行中重度失智失能 的長照家庭所反應之痛苦，請行政院應能規劃提升可申請服務總時數、每日申請總時、延長夜間 及假日服務，除了失能失智者需要照護，照護者的身心同樣需要被關注，避免家庭支柱隨著變故 傾覆。 一次次的家庭悲劇表明，單靠現有的政策框架無法完全解決問題，政府應從長遠規劃出發， 重新審視長照資源的配置策略，並持續關注政策執行的實效性。針對長照喘息服務量能不足，應 採取更具體的措施來改善，請貴院責成有關單位進行跨部會總體檢，並提出精進事宜。"
"11-2-14-46",11,2,14,"王美惠","2024-12-18","本院王委員美惠，針對嘉義市醫療資源有待提升，衛生福利部應支持嘉義醫院東院區興建工程所需經費，縮短興建期程，並妥適調整醫療區域，提供嘉義市民充足病床量數，需協助嘉義市地區醫療機構，提升癌症、兒童專科醫療量能，並輔導嘉義市地區設立醫學中心，及改制後的國家中醫藥研究所應落腳嘉義市，特向行政院提出質詢。","一、提供嘉義市醫院「東院區興建工程」所需經費支持，縮短興建期程 為增加嘉義市長照資源，滿足市民對公辦日照及失智長者照護切需求，同時協力鄰近 之中正大學推動在地化長照學術發展與應用，衛福部嘉義義醫院刻正規劃「東院區興建工 程」。 鑑於嘉義醫院「東院區興建工程」所需金額鉅大，且規劃於民國 120 年方能完工，期 程過於漫長，無法即時充實嘉義市所需長照服務資料。爰要求衛生福利部應提供嘉義醫院 「東院區興建工程」所需經費支持，並縮短興建期程。 二、妥適調整醫療區域，提供嘉義市民充足病床量數 衛福部現在正在辦理醫療區域修正調整工作，針對嘉義現有三個次醫療區，規劃將水 上，從嘉義次醫療區域劃分至太保次醫療區域，而嘉義次醫療區域將僅剩嘉義市。惟這樣 的調整，會使嘉義市內急性一般病床數，超過法定規定之 50 床/每萬人上限，不利嘉義市醫 療量能提升。 鑑於雲嘉嘉地區跨區就醫比率高，除嘉義市民外，嘉義市醫療機構同時提供周遭縣市 民眾所需醫療服務，衛生福利部應在保障嘉義市民能夠得到應有醫療服務前提下，進行相 關醫療區域調整，並研議專案給床方式，提供嘉義市民充足病床數量。 三、協助嘉義市地區醫療機構，提升癌症、兒童專科醫療量能 現今社會少子女化及高齡化現象並存，嘉義市關於癌症及兒少之醫療資源仍待提升， 才能好好照顧嘉義市長輩與兒童，以及周邊山地偏鄉民眾。衛生福利部應協助嘉義市建設 癌症、兒童專科醫院，輔導現有醫院提升病症、兒童專科醫療量能。 四、輔導嘉義市地區設立醫學中心 全國現有 22 家醫學中心與 2 家準醫學中心，大多分布於北部，但雲嘉嘉地區三個縣市 ，卻沒有任何醫學中心的設立，無法提升區域內醫療量能，也不利當地醫療研究與教學訓 練。 鑑於雲嘉嘉地區民眾有在地醫療服務需求，而嘉義市地處雲嘉核心之交通要道，衛生 福利部應協助、輔導嘉義市區域內相關醫療機構提升為醫學中心。 五、改制後的國家中醫藥研究所落腳嘉義市 國家中醫藥研究所規劃改制為行政法人，相關設置條例草案法制作業正在進行，同時 正在尋覓場域設立國家中醫研究院。嘉義市，具有雲嘉嘉生活圈中心，人才、交通與產業 服務等優勢，加上嘉義大學具有深厚農學與中藥教學與研究量能，以及嘉義地區獨特的地 理與氣候條件，實為改制行政法人後的國家中醫藥研究所設立的最佳地點。"
"11-2-16-61",11,2,16,"羅智強","2024-12-31","本院羅委員智強，就綠鬣蜥外來入侵種威脅本土生態及其擴散問題，特向行政院提出質詢。","綠鬣蜥原產於中南美洲，然而近年隨著飼主的不當飼養及隨意棄養，加上南部地區氣候適宜 且缺乏天敵，綠鬣蜥族群迅速在野外建立並大量繁衍，南台灣部分地區已因其大量繁殖而導致農 作物損失，進一步影響農業生產與經濟發展。根據農業部林業署的估算，目前全台野外綠鬣蜥數 量已超過 20 萬隻，並在屏東、高雄、台南、嘉義、雲林、彰化、台中及台東等地建立穩定族群 ，甚至出現向北擴散的趨勢。 根據統計，2019 年全國捕捉綠鬣蜥 8,068 隻、2023 年 5 萬 7,738 隻、2024 年 1 到 8 月全國 移除 4 萬 6 千多隻。目前中央、地方政府預計明年要移除 12 萬隻，如何整合中央與地方資源， 提升移除效率，敬請貴院詳細說明未來相關政策規劃與執行進度，確保綠鬣蜥問題得以有效控制 ，減少對台灣本土生態與農業的長期影響。"
"11-2-16-62",11,2,16,"羅智強","2024-12-31","本院羅委員智強，針對移民署「新住民數位資訊 e 網」計畫推廣成效不足，特向行政院提出質詢。","移民署推動的「新住民數位資訊 e 網」計畫，原意在提升新住民的數位學習能力與在地融入 ，但實際推行成效不彰。截至 113 年 7 月底，註冊會員僅 12,961 人，其中新住民 8,333 人，占全 國約 60 萬外籍及陸籍配偶人口的 1.39%，參與率遠低於預期，無法達成政策初衷。 計畫執行中存在多方面問題，包括宣傳力度不足，導致新住民對該平台的了解有限，且課程 內容缺乏針對性與實用性，未能滿足其實際需求。此外，操作平台的語言選項不夠多元，缺乏個 別化的學習輔導，導致部分新住民因操作門檻過高而無法有效利用資源。 移民署應加強平台推廣，透過多樣化的宣傳管道，如社群媒體、地方社區活動及與非政府組 織合作，擴大新住民對「新住民數位資訊 e 網」的認知，並邀請新住民參與課程設計，使內容更 加實用且符合需求。同時，提供多語言操作指引及一對一輔導機制，降低使用門檻，確保更多新 住民能充分利用平台資源，進一步實現數位平權與在地融入的政策目標。 針對移民署「新住民數位資訊 e 網」計畫推廣成效不足，敬請貴院檢討、改善相關事宜並回 覆。"
"11-2-16-63",11,2,16,"王鴻薇","2024-12-31","本院王委員鴻薇，就濟州航空於 2024 年 12 月 29 日在韓國務安國際機場發生空難後，我國交通部相關單位針對國籍航空公司使用同型號波音 737-800 型航空器之全面檢修狀況，特向行政院提出質詢。","一、波音 737-800 於 1998 年投入民航服務，至 2019 年交付最後一架 737-800 後宣布停產。波音 737-800 自 2006 年至 2024 年，15 起空難事故，共造成 1084 人罹難。媒體報導皆會提及， 「又是波音 737 家族成員」，代表該型號之航空器，已經造成一定飛安疑慮。據資料顯示 ，目前國籍航空公司有中華航空公司使用波音 737-800 型航空器共 10 架，航線包含兩岸及 亞洲多地區。交通部相關單位是否研究這 15 起空難事故之原因為何？歷次檢修之期程為何 ？ 二、2024 年 12 月 29 日，濟州航空自泰國曼谷飛韓國務安國際機場，降落時起落架無法放下， 撞上圍欄外牆爆炸，機上 181 人僅 2 生還，179 人罹難。多家媒體提及起落架系統運作故障 ，交通部是否就相關故障及損壞原因做進一步檢修？並針對該型號航空器規劃全面檢修？"
"11-2-16-64",11,2,16,"柯志恩","2024-12-31","本院柯委員志恩，鑑於現行《全民健康保險扣取及繳納補充保險費辦法》，免扣取補充保費之規定。另《所得稅法》第十一條及《各類所得扣繳率標準》第二條有關「執行業務所得」之類別認定及「報酬按給付額扣取百分之十之規定」，多有不當。惟考量各行業從業者受薪給付模式不一，論件計酬、約定期程給付者所在多有，又出版業長期低薪、產業蕭條，致從業人員經濟負擔沉重。故建請行政院針對相關法規進行研議，考量各產業工會與支薪狀況之差異，檢討現行上開法規對各行業之規範是否妥適，特向行政院提出質詢。","一、現行《全民健康保險扣取及繳納補充保險費辦法》明定「扣費義務人給付本法第三十一條 第一項各類所得時，其單次給付金額達新臺幣二萬元者，應按規定之補充保險費率扣取補 充保險費」又「專門職業及技術人員自行執業者、無一定雇主或自營作業而參加職業工會 者之執行業務收入」。部分行業從業者，因其從事行業缺乏工會籌組之文化且單筆給付達 新台幣二萬元，致不符本法所列免扣取補充保險費之事項。 二、出版業從業人員，包括企劃、文案、記者、編輯、筆譯、口譯、美編、設計等，礙於所得 稅法規定，單筆收入只要超過兩萬元，撥款時公司就必須依法預扣百分之十所得稅，另外 亦有二代健保之負擔，對於沒有加入工會之外包人員也必須扣繳此項金額，建請考量各產 業支薪文化。 三、考量出版業交付稿費之特性，付款通常約定期程交付，此外，又須預先扣繳百分之十的執 業所得。導致出版業從業人員於完稿後，實領可支配資金甚少，故特請行政院針對所得稅 法所定執行業務者之類別，以及相關法規針對未加入工會者扣取補充保費之規定進行檢討 。 四、出版業外包從業者依據現行《所得稅法》第十一條及《各類所得扣繳率標準》第二條明定 ，其所得屬「執行業務所得」，且「執行業務者之報酬按給付額扣取百分之十」。惟考量 各行業從業者受薪給付模式不一，論件計酬、約定期程給付者所在多有，又出版業長期低 薪、產業蕭條，致從業人員經濟負擔沉重。故建請行政院針對相關法規進行研議，考量各 產業工會與支薪狀況之差異，檢討現行上開法規對各行業之規範是否妥適，特向行政院提 出質詢。"
"11-2-8-33",11,2,8,"李昆澤","2024-11-06","本院李委員昆澤，由於多項報告指出，我國勞動環境及職場幸福度持續低落，已造成過半勞工產生身心問題，若不及早重視恐怕將造成臺灣整體勞動環境之社會性問題，並導致缺工問題加劇。因此，針對如何改善勞工生活品質、提高工作效率及縮短工時議題，特向行政院提出質詢。","一、今年 6 月份蓋洛普世界調查（Gallup World Poll）公布「2024 年全球職場狀況報告」（State of the Global   Workplace：2024 Report），其中臺灣僅有 41%勞工感覺自己生氣蓬勃，對比 芬蘭、丹麥、冰島等多達十數個國家都在 60%-70%以上。 二、此外，今年四月份多家本國知名人力銀行所做調查，臺灣職場平均幸福指數僅 57 分，平均 每日工時近 10 小時，超過 64%勞工過勞，幸福指數為五年來最低。 三、更兼國際知名保險顧問公司發布之《2023 亞洲心理健康指數》報告，統計亞洲（含臺灣） 勞工職場身心健康狀況，指出 45%的勞工生產力受到心理健康狀況的負面影響，51%勞工比 前年更感受到壓力，顯見本國勞動環境已造成多數勞工身心狀況難以負荷，若不及早重視 恐怕將造成台灣整體勞動環境之社會性問題，並導致缺工問題加劇。 四、與此同時，英國、瑞典、日本、美國、紐西蘭、冰島及比利時等世界各國，已於 2022 年開 始，紛紛開始進行不減薪周休三日縮短工時，以改善勞動環境、增進勞動效率之政策試辦 ，試驗結果顯示出，人員勞動率明顯下降，病假天數減少 65%，企業收益並無減少更有微 幅提升，然而勞動效率及勞工身心健康出現顯著提升。 五、目前日本已經將周休三日列入正式官方建議，英國參與試驗之企業九成將持續推動周休三 日政策，其中更有部分將周休三日列為永久性政策。 六、我國應仿效世界各國經驗，利用周休三日或縮短工時制度，以改善勞工生活品質、提高工 作效率、縮短工時議題先期進行研究及規劃，並針對臺灣職場試辦相關制度提出具體時程 ，以改善勞動環境。"
"11-2-8-34",11,2,8,"羅智強","2024-11-06","本院羅委員智強，就老舊校舍拆除改建問題，特向行政院提出質詢。","一、根據教育部統計，目前全國 50 年以上校舍超過 2,200 棟、30 年以上約 8,300 棟，兩者總計 高達一萬多棟。也就是說，數以萬計的孩子，成長過程有三分之一的時間，都生活在老舊 校舍裡。 二、過去，中央政府總預算不過兩兆出頭，但針對老舊校舍，馬政府投入 736 億，年平均 92 億 ，補強 2,998 棟、拆建 1,324 棟。蔡政府則花費約 630 億，年平均 79 億，補強約 3,700 棟、 拆建 800 多棟。明年總預算高達 3 兆 1 的賴政府，卻只編列 27 億來改建，是馬政府時期的 3 成不到。 三、目前教育部於今年 8 月 8 日函報預算規模 350 億的「公立國民中小學老舊校舍拆除重建計 畫（114-117 年度）」，國發會則於同月 13 日彙整各單位意見，建議回歸地方政府自主辦 理，或是由教育部從年度教育經費編列。 四、鑑於老舊校舍改建事關校園安全，情節重大，敬請貴院回覆： (一)行政院針對教育部「公立國民中小學老舊校舍拆除重建計畫（114-117 年度）」目前之 核定情況，預計何時會核定或不予核定。 (二)針對國發會就本計畫綜整會審機關（單位）意見回復：「地方政府改善公立國民中小 學之老舊校舍，針對耐久性疑慮較高且屋齡達 40 年以上及氯離子偏高之校舍，補助拆 除重建（整地），有其需要，考量相關工作屬地方自治事項，所需經費宜回歸地方政 府自主辦理，若有補助之需要，請由教育部各該年度教育經費內檢討編列，倘有不足 ，請洽行政院主計總處協處」，請問行政院預計核復方向？ (三)就目前來說，即使「公立國民中小學老舊校舍拆除重建計畫（114-117 年度）」通過， 未來 4 年也僅預計拆除改建 319 棟老舊校舍，只能改建目前 50 年以上老舊校舍數的 1 成 5 左右。拆除改建速度遠不及校舍老舊速度。因此日前立法院院會已作成決議，要 求政府先統計全國超過 50 年以上老舊校舍所需的拆除重建經費，並建議得編列特別預 算於八年內完成。請問行政院立場態度？"
"11-2-9-35",11,2,9,"羅智強","2024-11-13","本院羅委員智強，針對帶狀皰疹疫苗高昂費用，民眾負擔沉重，特向行政院提出質詢。","近年來，衛福部投入大量公款，透過電視及網路廣告宣導帶狀皰疹（俗稱皮蛇）的嚴重性 ，呼籲民眾積極施打帶狀皰疹疫苗，特別是針對 50 歲以上的高風險族群。帶狀皰疹確實可能引 發嚴重疼痛及持續性神經痛等後遺症，根據衛生福利部疾病管制署的數據，國人一生罹患帶狀 皰疹的風險約為 32.2%，但在政策執行過程中民眾的經濟負擔、補助措施卻存在執行面上的問題 。 首先，目前在台灣施打的帶狀皰疹疫苗新舊款均為自費接種，未納入公費或健保補助範圍 。Shingrix 疫苗的每劑價格高達 9,000 元，需施打兩劑，總費用約 18,000 元。相比之下，美國疾 病管制與預防中心（CDC）早在 2020 年起就將 Shingrix 列為帶狀皰疹的首選疫苗，並納入公費 接種範圍，減輕民眾經濟負擔。台灣疫苗價格高昂且無補助，對一般民眾與高風險族群而言， 無疑是沉重的經濟壓力。 帶狀皰疹主要發生於 50 歲以上的高風險族群，疫苗接種是預防此病及其後遺症的有效手段 。根據衛福部的統計，全台 65 歲以上低收入戶約有 5 萬 1,260 人、中低收入戶約 1 萬 6,825 人 ，若中央提供這些族群帶狀皰疹疫苗接種補助，將有助於降低疾病發生率，減輕公共醫療負擔 。 鑑於疫苗高昂的價格負擔，部分地方政府已率先推動對弱勢和高風險族群提供補助或免費 接種服務。例如，嘉義市自今年 8 月起免費為設籍滿一年的 65 歲以上低收入及中低收入戶長者 接種 2 劑型帶狀皰疹疫苗；花蓮縣自 2021 年起，每年提供 3,000 劑疫苗供 50 歲以上中低收入戶 接種；連江縣也開放 65 歲以上長者免費接種。新竹市針對 50 歲以上長者提供單劑 1,000 元補助 ，竹北市則根據收入差異補助疫苗費用，以提升接種的可及性。 在地方政府紛紛推出補助政策的情況下，中央應當跟進或至少鼓勵各縣市依據實際需求推 動相應的補助政策。敬請貴院就相關事宜回覆。"
"11-2-9-36",11,2,9,"吳宗憲","2024-11-13","本院吳委員宗憲，有鑑於大客車缺工問題嚴重，根據 2024 年公路局更新統計，運輸業人力缺額達 9,693 位。經報導，公會理事長及從業人員皆曾表示，大客車駕駛工時長、風險高等不友善工作環境是使司機不願意從業的原因。駕駛工時長和其複雜的薪資組成有高度相關，經看客運駕駛薪資由高達 14則細項加總而成，其中加班費有可能占了三成以上，且每個月薪資浮動劇烈。中央祭出多項補助仍無法改善缺工問題，足以顯示不僅是薪水高低，其背後更有薪資上的結構性問題。爰此要求勞動部及交通部儘快針對大客車駕駛薪資破碎化進行改善，以保障大客車駕駛之健全就業環境，特向行政院提出質詢。","一、士林地方法院勞動專庭 111 年度勞訴字第 115 號判決書內的薪資明細可以看出該案件司機 月薪由十四項細項組成（底薪、伙食津貼、安服獎金、行車安全獎金、運價專案補貼、節 油津貼、加勤安服獎金、加勤行安獎金、逾時津貼、單延津貼、特殊功績、國定假日津貼 、休息日津貼、例假津貼）其中在其 2020 年 10 月薪資組成中加班費（逾時津貼、國定假 日津貼、休息日津貼）超過薪資三成。 二、同樣從 111 年度勞訴字第 115 號判決書內（附表一）可以看出每個月薪資浮動程度大，最 高曾有月薪八萬九，最低一萬四的情形。 三、人資專家建議薪資結構組成需權衡外部公平、內部公平及個別公平。以大客車駕駛情況來 看，缺少能有效管理員工績效與發展的制度，像是針對個別員工的貢獻、工作投入及學習 成長的意願等考察，而全依賴加班時數長短來決定薪資多寡，有失個別公平。 四、大客車駕駛長期缺工及複雜的薪資結構，導致駕駛過勞及肇事情形頻傳，爰此要求交通部 及勞動部相關單位，儘速研擬配套措施，改善大客車駕駛就業環境。 五、根據政府資料開放平台行政院主計總處統計〈112 年 8 月底運輸及倉儲業廠商職缺僱用條件 概況─按職類及員工規模分〉駕駛及有關工作人員部分有 3,973 個職缺，職缺數結構比高達 50.7 六、根據政府資料開放平台公路局於 2024 年 7 月 4 日更新統計〈運輸業缺員訊息〉顯示各公司 在不同縣市的職缺加總高達 9,693，且公路客運和市區客運為主要缺額。 附表一"
"11-2-11-41",11,2,11,"羅智強","2024-11-27","本院羅委員智強，為遏止移工遭不法份子利用淪為詐騙集團犯罪工具，針對現行打詐機制與策進作為，特向行政院提出質詢。","根據警政署統計資料，111 年 1 月起至 113 年 9 月移工涉詐逐年增高，以 111 年與 112 年全 年度比較，案件數從 382 人增加到 716 人，增加 87%。113 年前 9 個月已累計 711 人，逼近 112 年全年數字，顯示移工涉詐欺犯罪案上升趨勢。 在臺移工涉犯詐欺案件人數統計表 總計     泰國          越南      印尼     菲律賓 113 年 1 月至 9 月        711     35         556      64     56 112 年        716     14         571      68     63 111 年        382     20         211      92     59 內政部跟勞動部之策進報告均指出，因移工的法律意識薄弱，未來充分認識到擔任車手的嚴 重後果，而遭到詐騙集團利用，因而要加強對於移工的法律宣導。然移民署至 113 年 10 月份統 計資料 88,881 名失聯移工，本就難以聯繫及追蹤，導致難加強法律宣導，成高風險族群。 移工具有緊密與廣大的社交網絡，若出現不肖份子，不斷以失聯移工為標的，面對經濟困境 易遭詐騙集團誘使其參與詐騙行為，進而取得其門號跟金融帳戶。金管會應納入銀行業呼籲，將 失聯移工帳戶由「示警帳戶」轉為「暫停交易戶」，有效遏止帳戶挪做詐騙使用。 另，從 111 年到 113 年 10 月為止，三年我方遣返約 29,716 名失聯移工，被遣返移工所遺留 的帳戶跟門號同樣成為詐騙集團所覬覦之工具，相較於取得我國民眾帳號及門號之成本更低廉。 時間                            人數 111 年                             7,291 112 年                             11,845 113 年 1-10 月                         10,580 遣返失聯移工統計表 有鑑於四月份勞動部認為漁工跟移工即使離境之後，仍有金融服務的需求，所以將與金管會 、檢調將繼續協商移工的帳戶管理方式，請提供該協商結果與建議。 過往高檢署、移民署、勞動部、警政署曾就移工帳戶已多次舉行跨部會議，為避免人頭戶管 理被曲解為對移工的歧視，對於離境的移工可能在返台工作，所以十分謹慎研議，但是對於失聯 移工及遭遣返移工，應研議是否直接列為暫停交易，針對移工失聯後，通報銀行即日起禁止帳戶 提領、轉帳及入金。"
"11-2-11-42",11,2,11,"羅智強","2024-11-27","本院羅委員智強，針對勞動部近期職場霸凌事件，就公務員勞動環境改善，特向行政院提出質詢。","近日勞動部發生一起令人痛心的事件，一名公務員因長期遭受職場霸凌，選擇結束生命，震 驚社會並引發廣泛關注。此事件凸顯了公務員職場內部的管理問題及勞權保障的不足，也讓外界 對政府機關內的勞動環境提出嚴重質疑。行政院作為最高行政機關，應當立即展開全面檢討，著 手改善公務員的工作環境，避免類似悲劇再次發生。 現行法規對於公務員的勞權保障存在顯著不足，例如《公務員服務法》及相關規範多集中於 對公務員的義務要求，卻缺乏對其基本工作權利及心理健康的具體保障。此外，也缺乏對於職場 霸凌防制的有效規範與機制，導致公務員在面對職場霸凌時，缺乏有效的法律支援。這種法規上 的不對稱，使得公務員處於極易被壓迫、孤立的弱勢地位，進一步助長了職場不當行為的發生。 建議行政院應盤點現行相關法規，擴大職場霸凌防制規範的範圍、密度，嚴格要求各機關設 立獨立、有效的申訴及調查機制，確保受害者能有安全的管道提出問題。同時，研擬修訂《公務 員服務法》，增加對公務員心理健康與職場安全的保障條款，要求機關首長對所屬單位的工作環 境負起更多責任。 其次，政府應推動職場文化改善專案，由行政院主導，結合勞動部與人事行政總處，針對各 級政府機關的工作壓力、領導文化進行檢討，建立「零霸凌職場」指標，納入績效評估中。此外 ，應增加對基層公務員心理健康的支持資源，建立專屬的心理輔導與危機干預機制，以提供受害 者適切的心理援助。 職場霸凌不應在任何機關、任何環境中存在，尤其是代表政府的公務部門更應成為勞動尊嚴 的表率。行政院若能正視此事件，迅速採取具體行動，對法規進行修正，並建立有效的監督與防 制機制，不僅能改善公務員的勞動環境，也能恢復人民對政府的信任。期待此次悲劇成為制度改 革的契機，讓每一位公務員都能在尊重與支持的環境中工作。 敬請貴院回覆，如何改善公務員勞權環境進行，及盤點現行預計修訂的法規與措施。"
"11-3-3-13",11,3,3,"羅智強","2025-02-26","本院羅委員智強，就教官退出校園後學務創新人力所面臨的問題，校園安全是否因此受到影響，特向行政院提出質詢。","政府實施「教育部國民及學前教育署推動高級中等學校學務創新人力要點」，以「學務創新 人力」取代教官執行校園安全管理工作。然目前各界對於學務創新人力的定位、權責、待遇及人 員穩定性均有所質疑，恐影響校園安全管理的有效性。 近期多起校園安全事件引發社會關注，包括不明人士闖入校園毆打學生、學生持械鬥毆、學 生情緒失控攻擊教師等。教育部雖強調對校園安全的重視，然實際執行端的問題仍未獲得有效改 善。全國高級中等學校教育產業工會指出，學務創新人力因屬約聘僱人員，適用《勞動基準法》 ，人員流動率高，且未建立完整的培訓機制，在危機處理與學生輔導管理上仍有不足，難以完全 承接原由教官負責的校安業務。過去，教官負責校園霸凌防制、學生藥物濫用、校園災害應變、 外人入侵應對、學生租屋訪視及警政聯繫等安全事務。然學務創新人力因人力編制、薪資待遇及 勞動法規限制，其工作模式與教官制度存在明顯差異，使得各界對教官退場後的校園安全有所疑 慮。 是否應將學務創新人力納入正式員額編制、明確其管理權責，並增設專職學安室主任、生輔 組長，以確保人力穩定性，各方皆有不同改革建議。此外，也有呼聲定學務創新人力的在職訓練 與進修機制，提升危機處理能力，並修訂現行教育人員的管教規範，使其能在法律允許範圍內有 效執行校園安全管理。基於上述情況，敬請貴院詳細回應，教育部是否考慮調整學務創新人力的 編制與待遇，並提出具體方案以確保校園安全工作不因教官退出而有所鬆動。"
"11-3-3-14",11,3,3,"林國成","2025-02-26","本院林委員國成，有鑑於 0121 嘉義大埔地震已月餘，震災復原進度仍屬緩慢，更有屋損紅黃單評估及補助標準不一等情況，且因災區存在建築老舊及高齡化「雙老」現象，使高齡災民獨居困境浮上檯面。爰此，為保障災區民眾之居住正義，並確保補助經費發放之公平性與同一性，特向行政院提出質詢。","一、政府失能？偏鄉「雙老」困境，災區重建遙遙無期 據內政部統計，0121 嘉義地震震央附近區域老年人口比例高達 29.04%，老舊房屋比例 高達 75.78%。偏鄉災區的「雙老」現象，導致屋損紅黃單數量高達 1,800 餘戶（紅單 477 件，黃單 1,333 件）較 0403 花蓮地震更多，不僅凸顯出偏鄉災後重建資源差距與災區獨居 老人的居住困境，也令政府面對「雙老災區」的失能浮上檯面。 二、屋損評估標準不一致，應重新檢討認定機制！ 1.我國本有豐富的災害重建經驗，但 0121 嘉義震災已滿月，紅黃單屋損評估與補助標準卻 仍不明確，致使重建作業進度緩慢，更有部分高齡災民仍居住在受損房屋中。 2.目前部分地震災戶，因房屋主體結構未受重大影響，即使牆體等關鍵結構嚴重龜裂、崩 塌，仍無法獲得應有補助；也有連棟透天厝的共同柱結構出現問題，但相鄰住戶卻分別 獲得紅、黃單的情況，連棟災戶的補助顯然欠缺公平與一致性。 三、補助原則「從寬、從速、從簡」，還偏鄉災民日常生活！ 綜上所述，爰請內政部、衛福部重新檢討相關紅黃單認定標準，均衡重建資源，保障 偏鄉災民居住正義。針對屋損補助、部分，中央應儘速會同地方政府主動輔導民眾辦理初 步評估及弱層補強補助，積極協助黃單災戶提供技術與經費支持，提升建築物抗震能力。 就危老建築的拆除、重建程序，也應比照 0403 花蓮地震模式，制定補助方案，秉持「從寬 、從速、從簡」原則，確保民眾能獲得及時援助，推動災區復原進程。"
"11-2-13-43",11,2,13,"何欣純","2024-12-11","本院何委員欣純，針對菇類為國民日常生活中經常使用之食材，亦為我國重要之農業作物。2023 年我國菇類整體產值達91.31 億元，其中又以臺中新社等中部地區種植之香菇產值最高，對於我國中部地區農業發展貢獻良多。因此，對於香菇、洋菇、金針菇等菇類栽培產業之永續發展，政府應予以協助。基於健全國內菇類產業健全發展及保障食品安全等考量，目前我國並未開放中國大陸香菇進口。然查，市面上仍多有中國大陸香菇循走私途徑或假借第三國產品名義進入國內市場，對我國農業發展及國民健康影響甚鉅。為保障菇農權益、落實食品安全，特向行政院提出質詢。","菇類栽培為我國農業之關鍵產業，去年我國菇類整體產值達 91.31 億元，其中又以香菇為最 重要之菇種，約佔整體菇類產值之 73%。受益於溫濕度環境適宜，長期以來，臺中新社、南投埔 里等中部山區為台灣香菇栽培之重鎮，新社栽培之香菇約占整體產量之 64%，顯見香菇栽培產業 對我國中部地區農業之重要性。 蓋香菇為我國國民日常飲食中不可或缺之食材，因此香菇品質之優劣，勢必也將影響國民健 康。為維護消費者食之安全、保障菇農權益，目前我國並未開放中國大陸之香菇進口。然查，近 年中國大陸香菇走私活動猖獗，近十年海關查獲之走私香菇重量達 912 公噸，海巡（至海洋委員 會成立設置起計）查獲之走私香菇重量亦達 141 公噸，兩者合計高達 1,053 公噸。儘管政府多次 宣示政府打擊不法之決心，但走私之情事仍層出不窮，如海巡署於去年 10 月查獲 2,464 公斤香 菇，11 月再查獲油輪夾帶 70,000 公斤香菇，足以窺見走私利益之龐大。 自 2024 年起，非法走私香菇之業者多以海運方式寄運香菇，致使海巡單位查獲香菇走私案 件數量顯著增加。與去年查獲 11 件之數據比較，今年 1-10 月海巡查獲走私香菇案件數達 83 件 ，漲幅高達近 800%。再者，目前消費者雖可透過產銷履歷或台灣菇類發展協會認證之「臺灣香 菇」標章識別香菇來源產地，但此一機制僅限於市售小包裝之香菇，對於市場批發或散裝之香菇 仍缺乏相關機制，亦無從杜絕中國大陸香菇假借第三國產品名義進入國內市場。 綜上，為保障菇農權益、落實食品安全，嚴格落實我國香菇進口管制政策實有必要。以整體 政策執行過程觀之，無論是香菇走私之前期防治，係以財政部關務署、海洋委員會海巡署執行稽 查及海岸巡防，以絕非法走私之農產品於境外；或是中後期之稽核，主要由農業部農糧署在重大 節慶前或不定期邀集地方政府及中央相關部會啟動聯合稽查行動，皆有賴行政院跨部會之通力合 作。然而，有鑑於近期海巡查緝走私之案件數劇增、業者被檢出使用中國大陸香菇之情事未見改 善，且現有機制無從杜絕中國大陸香菇經第三國轉口流入市場，爰請行政院擬定具體策略，整合 所有查緝量能，以保障國民健康、促進我國香菇栽培之永續發展。"
"11-3-2-1",11,3,2,"吳宗憲","2025-02-20","本院吳委員宗憲，有鑑於使用牌照稅法第五條第二項規定，完全以電能為動力之機動車輛使用牌照稅將於 114 年 12 月 31 日停止免徵。根據公路局最新統計，領有統一牌照電動汽車高達94,731 輛，機車 770,290 輛，合計超過 17 萬輛。依相關規定，完全以電能為動力之電動小客車、機車、大客車及貨車皆以馬力為收稅標準。然電動車與燃油車的馬力輸出原理不同，使用馬力作為收稅標準可能使電動車有實際對道路損耗較少卻因其高馬力而支付較高稅金的不平等情形產生。爰此要求財政部針對電動車收稅標準，參考各界意見後研議調整方向，以 保 障 電 能 車 之 公 平 牌 照 稅 收 稅 方 式 ， 特 向 行 政 院 提 出質詢。","一、根據交通部公路局統計查詢網，機動車輛登記數按廠牌及使用燃料分，電能分類在 113 年 11 月底領有統一牌照汽車高達 94,731 輛，機車 770,290 輛，合計超過 17 萬輛（「電能」之定義 為：車輛僅以電能驅動者），且由附表四可看出 111 至 113 年電能汽機車新車領牌數在整體 上有增加趨勢。可見電動車牌照稅問題影響甚深，應以更謹慎且公平之方式計算。 二、以馬力為稅收標準可能產生之不平等影響：電動車核心價值在於其零碳排或低排放，以馬力為 收稅標準無法反映其對環境的正面效益，可能削弱鼓勵電動車使用的政策意圖。且起初以馬 力作為稅收標準，可能是考量到高馬力車輛通常對道路設施的損耗較大，因此需要較高的稅 金來平衡公共維護成本。然而電動車的馬力通常比同級燃油車更高，且高馬力並不一定意味 著更高的基礎設施損耗或更大的排放量，因此課徵相同甚至更高稅額會使不平等情況產生。 三、參考他國稅收模式，可以發現大致上以年費、里程數為收費方式，其中繳納年費的標準多為重 量或固定稅額。以美國為例，美國雖然各州規定不同但大致上燃油車和電動車最大的區別就 在於燃油車需繳燃油稅，而電動車不用。相對地，電動車需要繳交年費，燃油車不用。其他 國家還有像是澳洲以里程方式計算、中國以「車船稅」按車輛排氣量每年徵收一次，但電動 車全免。日本是收「汽車稅」，也是以年費固定稅率方式來收稅。 附表一、《使用牌照稅法》規定之完全以電能為動力之電動小客車使用牌照稅稅額表 附表二、《使用牌照稅法》規定之完全以電能為動力之電動機車使用牌照稅稅額表 附表三、《使用牌照稅法》規定之完全以電能為動力之電動大客車及貨車使用牌照稅稅額表 附表四、根據交通部公路局統計查詢網〈機動車輛新車領牌數─按廠牌及使用燃料分〉之 電能類別數據整理 機動車輛新車領牌數─按廠牌及使用燃料分（107 年 1 月起） 汽          車   機          車    合         計 111 年           16,558         87,690          104,248 112 年           25,489         79,765          105,254 113 年（1~11 月）   34,504         73,796          108,300"
"11-3-2-2",11,3,2,"羅智強","2025-02-20","本院羅委員智強，就「班班有鮮乳」農業部、教育部未有縝密規劃，倉促實施不到一個學期就喊卡，然北市現行規劃辦法顯示經規劃可有效發送學童，且全國教育團體與家長團體均呼籲重新啟動「生生喝國產乳」計畫，特向行政院提出質詢。","政府過去推動「班班吃石斑」，結果上路沒多久，就因魚貨供應調度問題變成「班班缺石斑 」；更因為石斑魚加工過程繁瑣，加工量能不足，實施不到 9 個月就收攤。 「班班有鮮奶」推出時，外界即質疑，學校缺乏冷鏈保冷設備，政策無配套就草率上路。 回顧「班班有鮮乳」實施不到一個學期就喊卡，係因農業部與教育部未事先做好溝通、系統 性之執行規劃，搞出「鮮乳之亂」，台北市長蔣萬安出席行政院會，分享台北經驗提解方，由其 親自拜會四大超商及全聯、家樂福等大型通路業者，以解決冷鏈等技術問題。業者也都表示願意 配合北市，助政策延續。 蔣萬安找到了方法，讓孩子們能繼續喝到鮮奶，學生安心、家長方便、老師工作負擔不增加 。行政院應從善如流，參考北市做法恢復提供學童鮮乳，不要再找藉口，連小朋友都要騙。 根據今年 07 月 16 日教育部長鄭英耀於全國教育局處長會議的發言，此計畫是教育部與農業 部跨部會合作，提供國產鮮乳給全國國小學童及附設幼兒園學生，每週兩次，且規劃為四年期的 常態性政策。媒體公開揭露全國皆知，突然喊停此計畫，不僅失信於民，更損害了學童權益。 班班有鮮乳計畫執行中出現的配送問題主要因 14 元價格壓力，導致乳品生產者與配送單位無 法獲得合理利潤，變相要求酪農承擔公益角色。此外，配送規劃欠缺周全，例如多數乳品被堆積到 校園後，因無冷藏保存設備造成教師負擔加重。同時，由於 GGM 羊乳標章、CAS 標章或產銷履 歷標準供應商數量不足，導致全國供應鏈無法滿足需求，進一步造成政策執行困難，然而無論校長 、教師、家長皆表示支持學童乳品政策不應喊停。 衛生福利部強調，無論是鮮乳還是保久乳，只要標示為 100%生乳，其營養價值在鈣質與蛋 白質含量上無異。國際標準均認定 100%生乳為完整營養來源，因此政策應以科學依據為基礎， 靈活使用鮮乳與保久乳以保障供應穩定。 多數縣市已表態支持班班喝鮮乳政策，包括新北、台北、雲林、嘉義、屏東等地，顯示地方 政府具備落實能力。應賦權地方縣市政府依其考量適當納入營養午餐供餐體系，確保政策更具整 體性。同時，全國校長協會也建議，或可透過超商便利商店系統讓學生自行領用，進一步提升政 策彈性與執行效果。 考量「班班有鮮奶」政策呼應賴清德總統「健康台灣」國家願景，不僅是教育部與農業部共 同承諾的政策，更攸關全國兒童未來健康，日前行政院宣布停辦，在各教團與家長團體的共同呼 籲下，基於兒童健康永續與權益保障，行政院應汲取前次執行不當之經驗，經縝密規畫及各界溝 通後，重新啟動「生生喝國產乳」計畫。"
"11-3-2-3",11,3,2,"陳菁徽","2025-02-20","本院陳委員菁徽，考量都市地區道路品質乃影響國人生活甚深，是以就「提升道路品質計畫（內政部）2.0」專案經費對於高雄市區辦理規劃疑義，特向行政院提出質詢。","一、有鑑於中央政府每年度雖針對全國 22 直轄市及縣（市）辦理國營事業管線挖掘市區道路施 工回填復舊考評，以及推動管線挖掘道路回填品質自主管理，強化管線單位與地方道路主 管機關運作整合機制。然而，就提升道路平整度品質，並降低道路挖掘頻率事項辦理上， 仍實際讓國人在市區道路見到各類不同之回填造成的坑洞、新舊鋪面交界處之高低起伏等 ，所影響國人道路使用等問題。 二、是以，中央政府雖規劃並編列前瞻第五期特別預算案當中 65 億「提升道路品質計畫（內政 部）2.0」專案經費，並欲處理改善前開情形。然考量經費執行期僅短短的到今年度 8 月， 恐不利高雄市實際所需，以及受改善經費挹注等工程規劃，是以建請中央政府體察地方需 求，積極協助經費補助與趕辦作業。 三、當前，高雄市內如左營區翠華路（明潭路─崇德路）及楠梓區德民路（外環西路─高楠公 路）等路段，皆有道路路面改善之急切需求，建請中央政府優先辦理補助審查，及後續撥 款事宜。"
"11-3-2-4",11,3,2,"陳菁徽","2025-02-20","本院陳委員菁徽，就經濟部受行政院督導辦理對中鋼公司營運之事宜，特向行政院提出質詢。","一、有鑑於中央政府鬆綁離案風電水下基礎之國產化政策，致使中鋼所投入之大量資源打造廠 房、培訓頂級焊工人才及國內供應鏈生態體系建造等皆遭受枉費。俟後，更因此讓基層工 會成員有感因不平等競爭，所導致信賴保護原則受違背。 二、爰此，建請行政院落實責任管理，促請經濟部儘快協助及提出有效措施，幫助中鋼成立之 興達海基轉型，並承接製造利基型產品，藉此早日攤平中鋼虧損，創造政策、轉投資事業 獲利及產業完整等共贏。"
"11-3-2-5",11,3,2,"羅智強","2025-02-20","本院羅委員智強，針對衛生福利部對社會救助政策標的人口掌握不足問題，特向行政院提出質詢。","衛福部負責督導辦理社會救助業務，應精準掌握政策目標人口，以有效訂定政策方向及分配 資源。然而，根據主計處公布的福祉衡量指標統計，106 年至 111 年我國相對貧窮率介於 6.75% 至 7.53%，但內政部及衛福部統計資料換算出的貧窮人口僅占總人口的 3.99%至 4.93%，兩者之 間存在明顯落差，且落差呈現逐步擴大的趨勢。 政策標的人口掌握不準，直接影響資源分配的精確性，導致部分弱勢群體無法獲得應有的援 助，削弱政策的效能。衛福部作為社會救助政策的主要督導與規劃單位，應積極精進對貧窮人口 的計算與掌握，並採取更具國際參考價值的方法，以提升政策的公平性與精準性。參考 OECD 對貧窮率的計算方式，可更全面反映社會中需要援助的弱勢群體，為政策調整提供具代表性的數 據基礎。建立更精準的人口掌握機制，對於協助弱勢人口、維護社會穩定與增進福祉具有關鍵作 用。敬請貴院檢討、改善相關事宜並回覆。"
"11-3-2-6",11,3,2,"羅智強","2025-02-20","本院羅委員智強，針對衛生福利部社會救助業務在協助經濟弱勢脫貧方案中的不足，特向行政院提出質詢。","衛福部督導辦理社會救助業務，其目標之一在於協助經濟弱勢自立脫貧。然而，目前的脫貧 方案與服務忽視漸進式脫貧的重要性，政策設計缺乏必要的「緩衝期」，使得部分受助者面臨額 外的經濟壓力。不少接受輔導的民眾及家庭因擔心跨過貧窮線後補助瞬間全無，選擇持續處於貧 窮線以下，以避免進一步陷入更深的經濟困境。 此種政策設計導致「貧窮陷阱」的形成，影響受助者脫貧的積極性與可能性，背離社會救助 協助自立的初衷。衛福部應正視現行制度的缺陷，推動政策思維進步，採取階段式的脫貧策略， 逐步降低補助，並提供配套的就業支持政策，確保受助者能穩健過渡至自立生活。階段式脫貧的 設計可包括逐步減少補助金額、延長補助期限及增強就業支持服務，協助受助者在逐步擺脫貧窮 的過程中穩定經濟基礎。唯有如此，才能真正達成社會救助的核心目標，減少對經濟弱勢群體的 長期依賴，並提升社會整體福祉。敬請貴院檢討、改善相關事宜並回覆。"
"11-3-2-7",11,3,2,"羅智強","2025-02-20","本院羅委員智強，針對文化部補助公共電視 Taiwan Plus 國際影音平台運營成效及節目內容中立性問題，特向行政院提出質詢。","文化部推動「發展國際數位傳播計畫」，補助公共電視 TaiwanPlus 平台，旨在向國際觀眾 傳播台灣形象。然而，TaiwanPlus 成立已滿三年，APP 下載數僅 16 萬餘次，未達 112 年度預計 22 萬次的目標，成效遠不如預期。從觀看次數分布來看，網站、APP 及 YouTube 的觀看比例主 要集中於亞洲區域，分別達 67.6%、71.1%、55.5%，國際擴散效能顯著不足，未能有效觸及其他 洲際目標觀眾。 此外，TaiwanPlus 在節目製作與新聞報導上存在偏頗問題。如「打貪專題」以民眾黨主席柯 文哲的上手銬照片為主圖，內容集中於其涉及的京華城土地改建弊案，卻未等比例報導民進黨相 關涉貪事件，顯然未能恪守國家媒體應有的中立性原則。同時，其美國大選報導中，使用「被定 罪的重刑犯」形容川普，帶有濃厚政治立場，嚴重違背新聞專業。依據《公共電視法》第 36 條 及第 37 條規定，公視節目應保持客觀性及公平性，且不得就尚在偵查或審判中的案件發表評論 ，新聞報導應與評論明顯區分，內容需公正、客觀，不得歪曲或隱蔽事實。《公共電視節目製播 準則》亦要求，公廣集團應屬於全體國民，不專為政府或特定政黨服務。然而，TaiwanPlus 在內 容製作及報導上明顯違背上述規範。 文化部以大量預算支持 TaiwanPlus，卻未能有效監督其國際擴散成效，且節目內容未能遵守 法定中立原則。文化部應就 TaiwanPlus 的營運策略及節目內容進行全面檢討，確保資源運用得 當，並杜絕偏頗報導，以維護國家媒體的公信力。敬請貴院檢討、改善相關事宜並回覆。"
"11-3-2-8",11,3,2,"陳素月","2025-02-20","本院陳委員素月，針對經濟部「納管工廠低碳及智慧化基礎轉型個案補助」之民眾陳情案，特向行政院提出質詢。","經濟部依據「疫後強化經濟與社會韌性及全民共享經濟成果特別預算」，編列「納管工廠低 碳及智慧化基礎轉型個案補助」，總經費 10 億元，執行期間 112 年至 114 年，其中 112 年編列 5 億元，113 年編列 5 億元，區分標的為智慧化、低碳化，智慧化核定補助金額約 9.5 億元、低 碳化核定補助金額為 0.5 億元。 全國農地工廠已申請納管並提送工廠改善計畫共 2.9 萬餘家，截至 113 年 11 月 29 日收案截 止日，該補助計畫受理 2,646 件申請書，已核定補助 1,531 件，其中智慧化 1,442 件、低碳化 89 件，共補助 10 億元。 茲接獲陳情，多件納管工廠之申請案，蓋因提出申請補助案件過多致業管單位審查時間拖 延，申請者未能及時就審查委員之意見補正、勘誤，或因經費用罄，較晚送件者沒有機會獲補 助，實屬可惜。納管工廠多為中小企業，資源有限，經多時之努力，投入相當心力、資源以改善 廠況，符合中央與地方政府之規定要求，其努力應予肯定。 爰此，本席建請經濟部向行政院申請該項計畫之一定額度經費，並將計畫實施期間延長一 年至 115 年，使未能於期限內補正計畫書或符合資格卻因經費用罄之納管工廠，能再有機會獲中 央經費挹注，以利低碳、智慧化之時代變遷所需。"
"11-3-2-9",11,3,2,"陳菁徽","2025-02-20","本院陳委員菁徽，有鑑於癌症患者存活率的提升，許多癌症病患在治療成功後仍有生育需求，然而，癌症治療對生育能力的影響往往未被充分考量，導致部分患者失去生育機會。現行的全國癌症登錄系統（ Taiwan Cancer Registry, TCR ）未納入病患是否接受生育力保存諮詢的紀錄，致使生育力保存措施的推動缺乏監督機制，也不利於政策優化。為保障癌友權益，也為提升低迷的生育率盡一份力，爰提案要求政府應強化癌症病患的生育力保存機制，除持續優化癌症登錄系統外，並將「生育力保存」的相關資訊納入全國癌症登錄系統，並建立完整的追蹤與補助制度，以確保癌症病患的生育權益，特向行政院提出質詢。","一、癌症治療方式，如化療、放射治療及手術，可能對生育能力造成嚴重影響。許多病患在確 診後，主要關注疾病治療本身，卻忽略了可能面臨的生育能力喪失風險，導致治療結束後 才發現已無法生育，徒增遺憾。雖然部分醫療機構提供生育力保存技術，如凍卵、凍精或 胚胎冷凍，但由於缺乏強制性告知機制，許多病患無法在最佳時機接受相關資訊及輔助措 施。 二、目前全國癌症登錄系統未納入生育力保存紀錄，使政府無法有效監測各醫療機構的執行狀 況，也缺乏精確的數據來評估生育力保存政策的成效。國際經驗顯示，歐美多國已將生育 力保存納入癌症治療流程，例如美國 Oncofertility Consortium（癌症與生育力聯盟）將相關 數據整合至國家健康數據庫，以提升生育保存措施的可及性與執行率。此外，美國臨床腫 瘤學會（ASCO）及歐洲腫瘤學會（ESMO）均已將生育力保存諮詢列為癌症治療前的標準 作業程序，以確保病患在接受治療前能充分考慮生育選項。 三、參考前述先進國家作法，我國應修正癌症登錄系統，在系統中增設「生育力保存諮詢」欄 位，記錄病患是否接受生育保存諮詢，以及最終選擇的生育保存方式。同時，應明確規範 醫師在診斷癌症後，必須主動告知患者生育力保存的選項，並轉介至生殖醫學專科進一步 評估。針對兒童及青少年癌症患者，應建立特別機制，確保他們能獲得完整的生育保存資 訊與協助。 四、為落實政策，應同步推動生育力保存補助，針對適齡癌症患者提供凍卵、凍精、胚胎冷凍 等技術補助，減輕經濟負擔。此外，政府應透過長期追蹤，監測病患的生育狀況，分析生 育力保存措施的成效，並調整相關政策，以優化癌症治療與生殖健康策略。透過完善的數 據收集與政策支持，確保癌症病患在治療後仍能保有生育的希望，真正實現醫療進步與人 道關懷的雙重目標，綜前所述，請主管機關針對前揭各項政策建議納入施政參考，並提供 可行性分析或報告。"
"11-3-2-10",11,3,2,"陳菁徽","2025-02-20","本院陳委員菁徽，有鑑於臺灣當前房價持續高漲，導致年輕人買不起房，租屋環境亦不穩定，進一步影響生育意願，加劇少子化問題。政府雖已推動社會住宅政策，並承諾興建 12萬戶社宅，然而，目前實際供應量遠低於需求，且多數集中於少數地區，無法有效滿足年輕族群與新婚家庭的居住需求。國際上，如新加坡、德國等國皆透過政府介入，提供大量社會住宅、租金補助與租屋保障，以確保年輕人能夠負擔合理的居住成本，進而提升生育意願。爰此提案要求行政院通盤檢討臺灣現行社會住宅政策，並參考國際成功案例，以完善住宅政策，提高年輕世代的居住與生育環境，特向行政院提出質詢。","一、房價高漲已成為台灣最為嚴峻的問題之一，根據內政部資料，2024 年台灣主要都市房價所 得比遠高於合理負擔範圍，台北市達 16.2 倍，新北市達 12.5 倍，導致年輕人無法負擔購屋 。政府雖計劃興建 12 萬戶社會住宅，但截至 2024 年，實際完工與入住戶數遠未達標。整 體規劃也出現諸多問題，首先，社會住宅的數量嚴重不足，根據統計，台灣社會住宅占總 住宅存量的比例不到 1%，遠低於歐美國家平均的 15~30%。其次，部分興建計畫選址不合 理，難以吸引年輕家庭入住。再者，社會住宅的申請資格亦過於嚴格，許多中低收入但非 低收入戶的年輕人無法獲得申請資格，導致真正有需求的族群難以受惠，這些問題不僅影 響年輕人的居住選擇，也使其更難以規劃長期家庭生活，降低生育意願。 二、國際成功案例可供借鏡，以完善我國住宅政策。新加坡的住宅政策以政府主導的大規模公 屋建設為核心，透過建屋發展局（HDB）提供價格合理且品質優良的公共住宅，約 80%新 加坡國民居住在政府興建的組屋內。政府不僅提供低利率購房貸款，還有針對新婚夫妻的 購房優先權及補助方案，確保年輕家庭能夠擁有穩定的居住環境。此外，新加坡透過有效 的都市規劃，讓公共住宅具備完善的生活機能，包括學校、醫療與公共交通，進一步減少 年輕人的生活負擔。這些政策不僅使新加坡的居住環境更具可負擔性，也在一定程度上減 緩了生育率下滑的趨勢。德國亦提供大量的社會住宅，佔全國住宅比例約 20%，有效維持 市場的可負擔性，減輕年輕人的居住壓力。這些措施確保年輕人在租屋市場中能夠享有合 理的權益與穩定的居住條件，使其能夠將財務資源投入婚姻與家庭生活之中，進而對提升 生育率有所助益。 三、根據經濟合作暨發展組織（OECD）2022 年的報告，在提供高比例社會住宅與租屋補助的國 家，如法國與瑞典，其生育率明顯較無相關政策支持的國家為高。法國自 2000 年起推動「 家庭友善住房補助」計畫，當地生育率從 1.6 上升至 2010 年的 2.0，顯示居住支持政策對生 育行為有直接影響。此外，根據德國聯邦統計局 2021 年的數據，受惠於長期租約保障與租 金補助的政策，德國生育率在近 10 年間從 1.39 上升至 1.58，顯示居住政策對人口發展有顯 著助益。 四、台灣高房價與不穩定的租屋環境，已成為年輕人面臨的重大挑戰，亦是少子化問題的關鍵 因素之一。國際經驗顯示，政府若能提供充足的社會住宅、穩定租屋市場與適當的租金補 助，可有效提升年輕人的生育意願。因此，行政院應全面檢討現行社會住宅政策，並參考 國際成功案例，提出具體改革方案，以確保國人擁有合理的居住權益，進而促進人口發展 。"
"11-3-2-11",11,3,2,"陳菁徽","2025-02-20","本院陳委員菁徽，有鑑於臺灣目前面臨嚴峻的生育率挑戰，根據內政部統計， 2024 年新生兒數僅有 13 萬 4,856 人，創下歷史新低。多個國內外機構也對此發出警示，指出臺灣生育率持續下降，可能對未來人口結構及經濟發展產生深遠影響。為應對生育率低迷的問題，政府已從多方面著手，舉例而言，衛生福利部將「生殖健康服務」納入「少子化對策計畫」的一環。各縣市亦推出多項人工生殖補助措施，旨在協助有生育困難的夫妻實現生育願望。然而，政策的推動需要透過成效檢驗，以確保資源的有效運用，並應參考各國經驗，進行政策比較研究，以汲取他山之石，作為政策推動的參考。以色列在人工生殖補助政策上相當開放，為 45 歲以下、未滿兩個孩子的婦女提供不限次數的試管嬰兒（ IVF ）高額補助，在公立醫院甚至可免費進行。此舉使以色列成為全球試管嬰兒手術最頻繁的國家之一，每年約有 5%的新生兒透過人工受孕誕生。而這樣的政策是否對提升生育率有積極效果，值得我國深入研究與借鏡，爰提案要求行政院針對以色列的「生殖健康服務」政策以及少子化對策成效進行通盤研究，俾供我國政策推動參考，特向行政院提出質詢。","一、內政部 2025 年 1 月 10 日公布 2024 年人口統計數據，總人口數為 2,340 萬 220 人，較 2023 年減少 2 萬 222 人，總人口再呈負成長。出生數方面，去年新生兒數僅 13.4 萬，年減 715 人，出生數續寫歷史新低。 二、根據國發會最新人口推估，未來總人口持續下降，台灣總人口將從 2024 年的 2,340 萬人， 下滑至 2070 年的 1,497 萬人。民眾壽命延長，加上少子化影響，人口結構持續老化，2025 年正式步入超高齡社會，意即 65 歲以上老年人口占總人口比率達 20%，而後持續走揚， 2070 年將達 46.5%。國發會副主委亦坦言，目前的台灣人口負成長已經嚴峻問題，政府應 努力端出積極作法，生育、人口、人才政策多軌並進。 三、我國於 2018 年開始推動「少子化對策計畫」，各部會均有相對應的任務，而如衛生福利部 主責部分則包含「優化兒童醫療照顧措施」、「友善生養的健康措施」，而後者更進一步 含括「生殖健康服務」，如針對針對低收入及中低收入戶，提供體外受精（俗稱試管嬰兒 ）人工生殖技術補助，各縣市亦依照可使用財源，提供不同程度的補助與津貼。根據統計 ，自 2021 年 7 月起，政府擴大不孕症治療補助政策，至今已誕生約 2 萬多名新生兒。 四、政策的推動需要滾動式的檢討，為了確實達成應對少子化危機的政策目標，若補助政策能 夠讓人民有感，符合實需，則應加大力道；另一方面，若執行成效不佳，則應檢討進一步 檢討根本原因，並對症下藥。同時，也應參考他國成功的經驗，作為政策調整、改動的依 據。 五、近年來，各界多有關注以色列的人工生殖政策，根據醫學會所蒐集的資訊，以色列在人工 生殖的補助面向上最為積極，以色列的人工生殖補助政策相當慷慨。政府為 45 歲以下、尚 未育有兩個孩子的婦女，提供不限次數的試管嬰兒（IVF）治療補助，甚至在公立醫院可免 費進行手術。這使得以色列成為全球試管嬰兒手術比例最高的國家之一，每年約有 4%的新 生兒是透過人工受孕技術誕生。 六、有研究者認為，如此政策對以色列的生育率有顯著影響。根據聯合國人口基金（UNFPA） 2020 年的報告，人工受孕政策對以色列生育率的貢獻值達 0.13，而其他國家平均僅為 0.03 。政府對人工生殖的全額補助政策，確實在提升以色列生育率方面發揮了重要作用。 七、以人之長，補己之短，人工生殖的補助目前已經是我國少子化應對策略中的一環，我國少 子化對策計畫 2018 年推動至今已屆逾 6 年，實應有通盤檢討之必要，行政機關更宜將以色 列的案例作為研究對象，完整蒐羅其政策內容，以了解何以以色列對於人工生殖的補助如 此積極，又是否對於該國少子化應對有所助益，俾供機關施政與國會問政參考。"
"11-3-2-12",11,3,2,"陳菁徽","2025-02-20","本院陳委員菁徽，鑑於《傳染病防治法》規定「因預防接種而受害者，得請求救濟補償。」並由同條授權訂定《預防接種受害救濟基金徵收及審議辦法》辦理受害救濟之審議，然長久以來受害救濟審議小組對於預防接種與受害情形關聯性的鑑定極其嚴格，導致許多人民因配合國家公共衛生政策，施打政府核准之疫苗，致發生生命、身體或健康之損害，卻救濟無門的情事。近期，許多受害者循行政救濟程序一路爭訟，近期終獲最高法院撤銷審議委員會處分，並指出現現行審議作法存有「以偏概全」的謬誤，牴觸母法設立預防接種受害救濟制度之立法本旨及授權目的，更違反憲法平等保障人民生命權、健康權之意旨，並於判決主文要求衛生福利部依據該判決重為處分。因此，極有必要針對現行預防接種救濟機制進行通盤檢討，並檢視過去辦法之修正是否合宜，特向行政院提出質詢。","一、《傳染病防治法》第 30 條第 1 項規定：「因預防接種而受害者，得請求救濟補償。」參照 民國 88 年修正立法理由指出：「……又廠商負有提供安全疫苗之責，縱非疫苗品質因素造 成後遺症，廠商亦應負責，為分擔風險，於各廠商出售疫苗，徵收一定金額，充為受害基 金來源；有關基金之收入、保管及運用，則授權由行政院訂定辦法……」是從立法理由可 知，預防接種受害救濟制度的本旨，係國家為有效防治傳染病，推動多數民眾接種疫苗， 發生生命、身體或健康之損害，已逾越一般人應忍受之程度，形成其個人之特別犧牲者， 基於憲法對人民生命權、健康權平等保障之意旨，因而給予合理之補償。「補償」其本質 上與「賠償」不同，蓋疫苗之接種並非毫無風險，現今醫療科技雖日益發達，仍難以排除 疫苗對人體可能引發難以預期之不良反應，直言之，發生不良反應，並不代表「疫苗品質 因素造成後遺症」，傳染病防治法第 30 條及審議辦法，即為國家責任的表現，具體個案中 ，便與私法上「損害賠償」的審認有所差別，且因其「社會補償」的性質，而應「從寬認 定」。 二、現行《預防接種受害救濟基金徵收及審議辦法》將預防接種與受害情形關聯性分類為「相 關」、「無關」以及「無法確定」，並根據分類結果決定是否提供補償，以及補償額度。 然而，實務上，受害者申請預防接種受害救濟極其困難，成功獲得補償的案例佔申請案比 例極低。因審議委員會多強調必須有「醫學實證、臨床檢查或實驗室檢驗結果，支持預防 接種與受害情形之關聯性。」且還須符合一定之因果關係，幾將「賠償」法理作為任審定 的依據。 三、110 年，時值 COVID-19 新冠疫苗普遍施打，出現不良反應的案件層出不窮，是時國民黨團 即召開記者會質疑，疫苗接種受害民眾申請救濟困難，手續繁複、審查時間也長，要被判 定相關也非常困難，根據取得的資料，已審查完成的 610 件個案中，被認定與疫苗施打有 關的僅 32 件，比例為 5.2%，並主張，審議機制亟有調整的必要，務求「救濟程序從簡」、 「救濟時程從速」、「損害判定從寬」、「賠償金額從高」。尤有甚者，衛生福利部更修 正該辦法，僅已「符合國際趨勢」為由，將「醫學實證未支持其關聯性」從「無法確定」 改納入「無關」分類，大幅提高受害者獲得補償的難度，且幾乎完全架空原本受害者仍得 獲得少量補償的「無法確定」分類。 四、事實上，不僅是時新冠疫苗的補償申請案引發爭議，包含流感疫苗、人類乳突病毒（HPV） 疫苗，都有許多受害者仍在補償申請程序、司法救濟中苦苦等待。以 HPV 疫苗為例，據報 載，109 至 112 年的給付率僅有 11%、金額 12 萬，相比許多仍在爭取權益的「痛痛女孩」 所面臨的生活、醫療支出，不僅無解燃眉之急，更是至今未給予受害者一個公道。 五、從 106 年以來，因於 HPV 疫苗後出現不良反應的「痛痛女孩」訴訟有 8 件，其中已有 3 件 在最高行政法院判決受害者勝訴，部分最高法院判決更要求衛福部應重新審議。最高行政 法院 112 年度上字第 156 號判決明確指出：「傳防法是為杜絕傳染病之發生、傳染及蔓延 而制定（傳防法第 1 條參照）。中央主管機關依傳防法第 5 條第 1 項、第 27 條規定，設置 疫苗基金以採購疫苗並辦理兒童、國民之疫苗預防接種工作，乃為有效防治傳染病。蓋接 種疫苗可提高人體對特定疾病之免疫力，推動多數民眾接種疫苗，可達到群體免疫之效果 ，進而阻絕傳染病之發生、傳染及蔓延，達成維護國民健康、增進公共衛生之公共利益。 惟疫苗之接種並非毫無風險，現今科技仍難以排除疫苗對人體可能引發難以預期之不良反 應，則人民因配合國家為上述公共利益而推行之預防接種政策，施打政府核准之疫苗，致 發生生命、身體或健康之損害，已逾越一般人應忍受之程度，形成其個人之特別犧牲者， 基於憲法對人民生命權、健康權平等保障之意旨，自應給予合理之補償。……在落實憲法 上述意旨，賦予因接種預防傳染病之疫苗而蒙受特別犧牲者，得據以請求損失補償之權利 ，以資救濟。」是行政機關本不應過度擴張不予救濟之範圍，阻絕受害者尋求救濟之機會 。 六、最高法院判決並強調：「審議辦法第 13 條第 1 項第 1 款第 2 目，以同條第 2 項前段所定『 以人口群體為研究基礎，發表於國內外期刊之實證文獻』的醫學實證，若證實接種疫苗與 受害情形無關聯性者，即屬『無關』。然而，疫苗對於人體可能產生之併發症及傷害，除 醫學上已認定之典型不良反應外，仍有諸多醫學上未知難測的副作用。」且「審議辦法規 定所指以「人口群體」為研究基礎之醫學實證（下稱流行病學實證），乃流行病學研究族 群之疾病分布及其決定因素，所採以人口群體為基礎，經觀察收集資料及統計分析所得之 因果關係推論。實則，流行病學研究只能在群體層面建立一般性之因果推論，人體接種疫 苗之受害發展，危險因子可能集中於群體中特定個人或個案，個人受害情形與群體大數統 計分析之結論間，仍容有相當之變異性，流行病學實證並不當然能應用到個人或個案，不 能僅依此作為認定預防接種與受害情形有無關聯之唯一依據，尚應綜合審酌個案受害狀況 及所有相關因素，以判定預防接種與該個案受害情形應屬無關、相關或無法確定。」益徵 前文與各界不斷呼籲國家對於特別犧牲的救濟，不應採取極為嚴格的因果關係認定，而應 「損害判定從寬」的主張。 七、近期，部分預防接種受害救濟的原處分已遭最高法院撤銷，並要求機關應依前揭判決意旨 重為處分，然各界不免質疑，若審議委員會重新採用修正過的辦法進行審議，又如何作出 與原處分不同的認定，而部分受害者訴訟案件進行中，機關邊進行訴訟程序、邊修正辦法 是否符合公平正義，也亟待釐清。疫苗的普遍施打具有保護自己、保護公眾的功能，也對 國家公共衛生政策之重要一環，但同時也須相應的救濟補償措施配合，方能達成「擴大」 、「推廣」的政策目的。爰以專案質詢要求行政院整理審議辦法歷次修正以來，各式疫苗 的申請案件數量、審議後之分類（含相關、無關、無法確定）以及補償金額，俾通檢討現 行救濟機制，清楚地責由國家承擔「補償」、而非「賠償」的責任，以消除民眾對預防接 種可能導致副作用的疑慮，進一步讓民眾在受到政府保障的情況下，鼓勵民眾配合接種政 策。"
"11-3-4-15",11,3,4,"羅智強","2025-03-05","本院羅委員智強，針對醫療量能與急診壅塞問題，特向行政院提出質詢。","台灣急診醫學會於本月 22 日發出警訊，指出今年台灣急診壅塞達到前所未有的嚴重程度， 若持續惡化，恐導致大量醫護人員不堪壓力而離職，進而影響醫療體系運作與患者就醫權利。台 灣急診醫學會呼籲政府立即採取有效措施，包括提高急診住院配床比例、強化加護病房資源調控 、增加急診醫護人力，以及落實分級醫療等。根據統計，今年春節期間，平均每日急診就診人次 約為 3.7 萬，遠高於去年同期的 2.7 萬人次。 台北市護理師護士公會理事長蕭淑代指出，護理師長期面臨薪資待遇低、工作壓力大、職場 環境差、人力配置不足等問題，導致護理人員高流動率，進而引發醫院關閉病床、急診壅塞等連 鎖反應。她強調，政府提出的津貼與護病比調整等措施多流於形式，若不合理調整薪資結構，醫 療量能將持續崩壞，最終受害的是病人權益。 急診壅塞的核心問題在於急診住院待床壅塞，導致急重症患者無法順利轉入病房接受治療。 造成此問題的原因包括可用住院床位不足、護理人力短缺，以及病房護病比不合理等。這些問題 使得醫院無法開放更多病房，導致急診待床病患滯留，進一步影響國人就醫權利與醫療人員的工 作負荷。然而，政府對此問題的處理態度令人失望。衛福部官員在面對基層醫護人員的求助時， 竟以輕佻言論回應，質疑醫護人員對政府解決問題的期望。這種態度顯示政府對醫護人員的困境 缺乏同理心，對急診壅塞問題的嚴重性認識不足。 針對台灣急診壅塞、醫護流動率提升、住院病床調度機制優化、急診應變機制等相關問題， 敬請貴院回覆。"
"11-3-6-18",11,3,6,"羅智強","2025-03-19","本院羅委員智強，針對學校升學榜單公布對教育政策的影響，特向行政院提出質詢。","升學主義長期影響我國教育發展，使學測成績與升學率成為衡量學校績效的主要指標，部分 學校過度重視榜單數據，甚至是將滿級分人數作為招生行銷工具。然而，在現行考招分離制度下 ，學測成績僅為申請入學的參考依據，多元表現與校內學業成績亦是關鍵因素，單憑學測成績並 無法完整反映學生能力與潛力。應正視升學榜單文化對學校發展與教育價值的影響，檢討相關政 策，避免學校過度追求升學數據，而忽略學生整體發展。 教育資源分配不均的問題在升學主義的影響下更為嚴重。明星高中往往因升學率高，獲得更 多資源，包括優秀師資、設備與家長資助，而其他學校在發展特色課程、聘請專業教師及推動多 元學習方面則面臨困境，進一步拉大學校間的發展落差。應檢視現行資源分配機制，確保不同類 型的學校均能獲得公平的支持，以發展其獨特優勢，提供學生多元學習的機會，並透過適當的評 估機制，確保學校發展不受單一標準所限制，讓每位學生都能依個人興趣與能力發展適合自己的 學習道路。 學測級分並不能決定學生的未來，學校辦學成效也不應以滿級分人數多寡來衡量。政府應強 化政策引導，避免教育被傳統升學主義綁架，讓學校透過校內量化分析與質性討論，修正教學方 向與輔導策略，協助學生發掘自身潛能，建立個人化的成功定義。針對升學榜單文化對教育環境 的影響，並落實教育公平，使學校能真正提供適性發展的學習環境，讓學生的成就不再被單一標 準所限制。敬請貴院檢討、改善相關事宜並回覆。"
"11-3-6-19",11,3,6,"羅智強","2025-03-19","本院羅委員智強，就 AI 詐騙手法日益精進，詐騙案件數量持續攀升，如何強化防詐技術與法規，特向行政院提出質詢。","近年來，台灣詐騙案件數量屢創新高，根據警政署統計，2020 年詐騙案件數為 22,945 件， 2021 年增至 24,849 件，2022 年達到 29,509 件，2023 年更攀升至 37,823 件。從數據可見，詐騙 犯罪呈現成長趨勢，而 AI 技術的發展更進一步助長詐騙手法，使詐騙行為更具欺騙性與難以偵 測。 AI 技術的應用使詐騙手法更加多元，深偽技術（Deepfake）讓詐騙集團可利用變造的影像與 聲音進行詐騙，常見案例包括偽冒名人進行投資詐騙、假冒親友聲音騙取錢財，甚至企業層級的 詐欺，如假冒高層指示匯款。這些技術的進步導致傳統的防詐機制難以應對，受害者防不勝防。 然而，目前政府對於 AI 詐騙的防範仍以傳統模式為主，例如透過 165 反詐騙專線、簡訊警 示與反詐騙 App 等方式，雖然能發揮一定成效，但面對不斷升級的 AI 詐騙手法，仍存在防範不 足的問題。 產學界已開始投入 AI 鑑別技術研究，但防偽技術的發展相對於攻擊技術仍較為落後。有專 家指出，AI 技術的演進使得「做攻擊」比「做防守」更容易，且 AI 辨識技術需仰賴大量高品質 數據與專門人力投入，現階段仍缺乏足夠的資源與政策支持。此外，政府部門在辨識 AI 偽造內 容方面仍存在管理漏洞，去年即發生不肖人士利用 AI 技術偽造證件並成功申請護照，顯示現行 法規與技術審查存在缺口。 AI 詐騙的興起也帶來法律層面的挑戰，現行法律對於 AI 生成內容的著作權、個資保護與偽 冒行為的規範尚未完善。例如，AI 生成的內容是否享有著作權，AI 仿聲技術是否侵犯名人或一 般民眾的肖像權與聲音權益，皆為法律須加以釐清的問題。此外，國際上已有因 AI 生成內容誤 導民眾而導致的法律案件，顯示 AI 詐騙對社會帶來的潛在風險不容忽視。 在此背景下，政府應加速推動 AI 詐騙的應對措施，強化 AI 鑑別技術的發展，投入足夠資源 並與產學界合作，以提升政府與企業對 AI 詐騙的防範能力。同時，應完善法律規範，針對 AI 生 成內容的法律責任、著作權歸屬、數位分身權益等議題提出明確法規，減少法律漏洞與不當使用 。此外，政府應積極提升民眾 AI 素養與風險意識，加強教育與宣導，使大眾能辨識 AI 詐騙手法 ，提高對於視訊、語音內容的警覺性，避免受害。 AI 詐騙已成全球性挑戰，政府應以更積極的態度應對，以確保社會安全與公眾信任，敬請 貴院詳細說明相關政策規劃及執行進度，期能有效降低 AI 詐騙帶來的風險，維護社會秩序與民 眾權益。"
"11-3-6-20",11,3,6,"馬文君","2025-03-19","本院馬委員文君，有鑑於財政部上修 113 年全國總稅收實徵淨額達 3 兆 7,619 億元，較預算數高出 5,283 億元，創下政府稅收超徵最高紀錄。經查臺灣連續 3 年突破通膨警戒線 2%，庶民生活相形困難，籲請政府今年普發現金 10,000 元，以利促進經濟成長，達到經濟果實全民共享，提升民眾的幸福感，實現「還稅於民，公平正義」，特向行政院提出質詢。","一、財政部日前公布去年超徵稅收 5,283 億元，創下歷史新高，自前總統蔡英文第 2 任開始，政府 持續出現稅收鉅額超徵，民國 110 年為 4,327 億元、111 年 5,237 億元、112 年 3,860 億元，連 同 113 年，連續 4 年總計超徵 1 兆 8,707 億元。 二、近年來庶民生活相形困難，國內已連續 3 年突破通膨警戒線 2%，113 年我國賦稅負擔率為 14.7%，創下 26 年新高，若換算平均每人稅負則為 15 萬 9,348 元，也創歷年新高，較 112 年 增加 1 萬 1,478 元。因此，政府將稅收超徵部分普發 1 萬元對民眾來說，是不無小補的 小確幸。 三、經查國內傳統產業以及民生經濟卻未見好轉，尤其是觀光旅宿業始終未見春暖花開，許多知名 經營多年的餐飲小吃也因為缺工與物價高漲而紛紛關門。這些都需要政府普發現金政策的活 水刺激與幫助。 四、再者，近年中央政府以特別預算編列的建設專案，數以千億的公帑投了進去，但產生的效益並 不明顯，甚至還有不少流於蚊子館的公共建設，類此缺乏效益乃至有如丟到水裡的錢，不勝 枚舉。向國民每人普發現金一萬元，更為凸顯所能創造的效益。 五、倘若今年能普發現金 10,000 元，將至少增加經濟成長 0.5%，以今年 3.14%的經濟成長預估而 言，將可大幅刺激今年整體經濟成長，實質受惠傳統製造業以及民生經濟產業，這才是民眾 感受最深「全民受惠」，且以超徵稅收 5,283 億元來看，一人普發一萬元僅需要 2,300 億元， 只占去年超徵稅收的四成，剩下的錢還債或做其他有利人民的用途，以確保國人共享經濟成 長紅利。"
"11-3-6-21",11,3,6,"馬文君","2025-03-19","本 院 馬 委 員 文 君 ， 有 鑑 於 近 年 國 內 急 診 壅 塞 ， 各 醫 院 湧 現關床潮，加上流感疫情爆發，導致各醫院急診室留觀病患爆滿，病床擠滿廊道，歸咎原因在於護理人力不足，健保點 值不足，導致開不出病床，基此，如何改善護理人員薪資福利結構，建請有關主管機關儘速因應，特向行政院提出質詢。","一、根據衛福部統計，民國 112 年國內護理師離職率高達 12.61%、空缺率達 9.05%，雙雙創下近 10 年新高，又觀察 10 年前護理師領證人數約為 24 萬人，112 年已攀升至 31 萬人，10 年間護 理師領證人數看似大幅成長 29%，但各醫院護理人力卻不增反減，有高達 4 成護理師流失， 並未進入醫療職場，導致近年來醫護人力短缺、醫院關床、急診塞爆的問題層出不窮，顯然 問題在於當前的職場環境難以留住護理人員長期留任。 二、護理師護士公會全國聯合會曾參與政府多次會議，提出各種解方，要求具體改善護理人員薪 資福利結構，其中包括休假制度，「不能好好休假」是許多護理人員離職原因，並且說 出 重話，國內再不改善工作職場環境以及醫療暴力，民眾遲早需承擔「沒人顧」等醫療困境。 三、面對醫院急診壅塞，護理人力告急，本席建請行政院透過公務預算補助醫院臨床護理人員薪資 及津貼，直到護理人力有效回流；第二是提升健保點值，確保醫院用於提升護理人員薪資， 目標護理人員年薪達百萬以上，不含夜班費；第三項為提高急性一般病床住院護理費，第四 為調升居家護理費，因應推廣急診在宅急症照護，減少急診住院待床，降低急診壅塞風險； 第五輔助人力納入醫療機構設置辦法，如護理佐理員，減輕護理師負擔；第六項為加速三班 護病比入法，確保合理人力配置。 四、基此，留住珍貴的護理人力，打造臺灣醫療韌性，需要政府誠實誠懇地面對真相，從實質薪資 待遇、打造幸福職場、營造友善職場文化、提升軟硬體輔助減輕工作負擔，才能徹底改善急 診壅塞，守護臺灣醫療量能的最佳良方。"
"11-3-7-22",11,3,7,"柯志恩","2025-04-09","本院柯委員志恩，鑑於現行勞動基準法及醫療機構設置標準，有關工作採輪班制者每週班次之安排及醫療機構急性一般病床之護理人員全日平均配置比例相關之規定，多有不當。惟考量護理人員實務工作繁重，排班日夜接替、一週多種班別，致醫護人員工作環境惡劣、休息時數不足。又醫護人員缺乏、護病比過高，或須跨科支援，致護理人員難以負荷之情事所在多有。行政院應針對相關法規進行研議，考量各級醫療機構之差異與護理人員實務狀況，檢討現行上開法規之規範是否妥適及落實，以維護醫護人員權益與醫療品質，特向行政院提出質詢。","一、依據《勞動基準法》第 34 條之明文，「勞工工作採輪班制者，其工作班次，每週更換一次 。但經勞工同意者不在此限」。惟實務經驗上，護理人員之排班狀況混亂，夜班接替日班 ，甚至一周三種班次（俗稱「花花班」）的情況所在多有。然在醫護量能需求，甚或主管 的要求之下，體系下之醫護人員難以拒絕「花花班」的安排，致休息時數不足、身心壓力 劇增，不僅造成醫護人員疲於奔命、醫護人才流失甚至醫護品質下降等問題。行政院實應 針對現行相關法規檢討，落實醫護人員排班權益與保障充足休息時數。 二、前述有關醫護人員實務工作難以應付醫護量能需求之情事，急性一般病床之護理人員全日 平均配置比例（下稱護病比）過高，為主要因素之一。依據現行《醫療機構設置標準》第 12-1 條，規定「第三條醫院及第五條精神科醫院，應依住院病人人數，配置適當之護產人 員；其急性一般病床之全日平均配置比例（以下簡稱護病比），按每一護產人員照護之病 人人數，規定如下：一、醫學中心：九人以下。二、區域醫院及精神科教學醫院：十二人 以下。三、地區醫院及精神科醫院：十五人以下」。 惟依據國家衛生研究院 111 年研究報告指出，國外多項大型研究發現，醫院之護病比 與病人之死亡率密切相關，亦與護理人員離職率及執業意願有關。同時，我國相較其他先 進國家之護病比，顯較為高。例如：美國加州護病比介於 4 至 6 人間、澳洲護病比除夜班 外介於 4 至 8 人間。為改善我國醫護人員工作環境、保障身心健康與維護醫護品質，行政 院應參據先進國家之護病比法制規範，研議我國相關法規之修正。 三、爰上述兩點說明，建請行政院檢討現行之法規，並考量實務狀況與參酌其他先進國家之規 範，研議落實醫護人員排班保障與調整醫護比規範之可能性，特向行政院提出質詢。"
"11-3-7-25",11,3,7,"黃仁","2025-04-09","本院黃委員仁，鑑於原住民族委員會所管土地面積廣大，但配置人員卻極為有限，恐不利相關土地之管理及活化運用，人力之編制有何增加或調整計畫，特向行政院提出質詢。","一、農業部、原民會與財政部國有財產署分別為我國前三大土地管理機關，農業部管理約一百 六十五萬公頃，國有財產署則有二十一萬公頃之國有土地，政府據此分別配置兩千三百餘 人及一千九百餘人管理，反觀原住民族委員會身為第二大土地管理機關，管理二十六萬餘 公頃之土地，卻僅配置二十四人，明顯不符比例。 二、前項不合理現象未獲政府正視，亟需改進，政府應提出具體改善措施。"
"11-3-7-26",11,3,7,"黃仁","2025-04-09","本院黃委員仁，鑑於花東地區發展遲滯，與公教加給制度設計不佳有關，爰要求行政院重新檢討相關制度設計，因地制宜，避免因制度設計欠妥而扼殺花東地區之發展，特向行政院提出質詢。","一、台灣區域發展不均，尤以花東地區最為嚴重，其中教師及公務員人力缺乏問題亦為花東地 區發展遲滯的原因，而有此現象，與公教人員加給制度設計不近完善有關。 二、以師資缺乏為例，據台東縣府教育處統計，國中小長短期代理、代課老師（鐘點教師）缺 額嚴重，儘管市區國中開出了月薪近 4 萬元的公民、歷史代理教師職缺，經多次公告卻仍 找不到適任教師。偏遠、地方政府財政無力，加上福利、待遇與正式教師落差太大，已成 為偏鄉師資的招聘阻礙。 三、年金改革後公教人員的離職率激增至 22.8%，花東地區的公務機構和學校承受了更大的工作 壓力。在資源匱乏且交通不便的情況下，地區公務員和學校教職工作負擔沉重，行政效率 和民眾的生活品質皆受到影響。 四、另以台東縣消防局關山大隊海端消防分隊和關山戶政事務所海端辦公室為例，兩機關僅一 路之隔，但分別署於平地鄉及山地鄉，因行政區劃分的不同，年薪資相差達新臺幣 3 萬元 ，顯示出制度設計的不合理性。 五、政府應將整個花東視為偏遠地區，並提高偏鄉及離島的地域加給。以減少地區間的不公平 現象，並增加吸引公務及教職人員的誘因。"
"11-3-7-27",11,3,7,"黃仁","2025-04-09","本院黃委員仁，鑑於攸關原住民族權益的「自治制度」、「土地調查委員會」、「土地及海域」三事項尚未賦予法源，且蔡英文前總統於民國 105 年向原住民道歉中強調將加速制定原住民族「自治法」及「土海法」，至今 9 年仍未見行政院相關提案，爰要求行政院對此二法之立法時程表達立場，特向行政院提出質詢。","一、蔡英文前總統第一任期原住民族政見說明「尊重原住民族與其土地的獨特關係，立法保障 原住民族土地權」，又於 105 年 8 月 1 日代表政府向原住民族道歉，並明示儘速將「原住 民族土地及海域法」等原住民族權利法案，送請立法院審議。惟行政院版「原住民族土地 及海域法」至今遲遲未完成。 二、「原住民族土地及海域法」、「原住民族自治法」是《原住民族基本法》明文規定的配套 子法，拖延日久，形同對原住民族權益的漠視。"
"11-3-7-28",11,3,7,"羅智強","2025-04-09","本院羅委員智強，針對私立大學兼任教師鐘點費長期偏低問題，特向行政院提出質詢。","全台大專校院目前有超過 4 萬名兼任教師，他們在高等教育體系中擔任重要角色，但薪資卻 長期低迷，無法獲得合理待遇。根據教育部資料，截至 113 學年，102 所私立大專院校中，僅約 三分之一的學校調整鐘點費至公立標準，近三分之二的學校低於公立大學水準，更有超過四成仍 沿用 32 年前的 575 元標準，嚴重影響兼任教師的基本權益。 造成此問題的根源之一，在於 2014 年教育部訂定「專科以上學校兼任教師聘任辦法」，允 許私立大學依財務狀況決定鐘點費，使得公私立薪資標準逐漸脫鉤，差距日益擴大。過去十年間 ，公立大學講師及兼任講師的鐘點費從 575 元調升至 750 元，然而，私立大學普遍未能跟進，導 致同樣負責教學工作的兼任教師，在不同體系間遭受不公平的待遇。 教育部近期雖擬修法，計劃於 8 月起要求私校鐘點費不得低於公立標準，但仍須確保政策確 實落實，避免部分學校以財務困難為由拖延。目前私立學校占全台大專院校比例近七成，若不能 有效監督仍低於公校標準的私立院校，必將影響大量兼任教師的權益。敬請貴院檢討、具體說明 政策執行細節及監督機制並回覆。"
"11-3-7-30",11,3,7,"王美惠","2025-04-09","本院王委員美惠，為政府所提出之「大南方新矽谷推動方案」及正在規劃中的嘉義科學園區擴建計畫，應考慮到區域整體發展，針對嘉義市因南部半導體 S 廊帶與科學園區發展後，所需之交通運輸、人口居住、教育文化、用水用電及醫療資源等建設，要求政府均須提早規劃，納入推動方案及擴建計畫中，特向行政院提出質詢。","一、茲按，全球科技產業正處於快速變革階段，特別是人工智慧（AI）與半導體技術進步成為 主要驅動力。台灣科技產業已逐步擴散到南部各縣市，政府因而提出「大南方新矽谷推動 方案」，以跨中央地方、跨部會、跨產學研全新思維，建構大南方新矽谷，以期達到「均 衡台灣」、「韌性台灣」、「健康台灣」目標。另南部科學園區嘉義園，區為佈局新興科 技及因應產業發展需求，提前儲備產業用地，政府也正辦理嘉科園區二期擴建的規劃。 二、而無論「大南方新矽谷推動方案」，或正在規劃的嘉義科學園區擴建計畫，不能只考量科 學園區之間，或科學園區自身與周遭的聯繫與發展，而是應以區域整體發展為相關計畫規 劃的出發點。 三、對此，政府應預想到，在南部半導體 S 廊帶與科學園區發展後，嘉義市將因而產生與園區 聯繫的交通路路網，及相關人口居住、教育文化、用水用電及醫療資源等建設的需求，爰 要求政府均須提早規劃，納入「大南方新矽谷推動方案」及嘉義科學園區擴建計畫中。"
"11-3-7-31",11,3,7,"羅智強","2025-04-09","本院羅委員智強，針對中華郵政成為詐騙集團所使用人頭帳戶之主要來源，在全國人頭帳戶總量爆增情境下，由原占比5.3%增長為 12.4%達到總量破萬，特向行政院提出質詢。","自 165 打詐儀表板上路後，2024 年 8 月至 12 月即高達 629 億餘元，換算全年詐騙金額恐破 千億元，對比民國 107 年約新台幣 40 億元，至今詐騙金額增長達 25 倍。詐騙集團經常藉由人頭 帳戶進行犯罪，包含要求被害人轉帳至人頭帳戶，或利用人頭帳戶洗錢後躲避追查，皆增加警方 追查難度。 根據法務部統計，人頭戶總量 2022 年至 2024 年由十萬餘筆增加為十二萬七千餘筆。2022 年和 2023 年，中國信託原是詐騙集團最愛使用的金融機構，但 2024 年排名已降至第 3 名，連年 減少人頭戶數的銀行。反之，中華郵政則由 2022 年第五名（佔比 5.3%），2023 年第二名（佔比 12.5%），於 2024 年破萬筆成為第一名詐騙集團最愛使用之金融機構，佔比 16.1%。遭檢察官形 容為，郵局宛如打詐行動的「化外之地」，恐淪為洗錢防制的漏洞。交通部應全面檢討並制定有 效防治即管理作為，與金管會、法務部研析現行機制，識別異常交易行為，適時調整風險因子， 提前管制可疑交易及關聯戶。有效杜絕郵局成為人頭帳戶產地。"
"11-3-7-32",11,3,7,"羅智強","2025-04-09","本院羅委員智強，針對 2024 年奧地利突單方面取消我國駕駛執照於當地使用及認證一事，特向行政院提出質詢。","2024 年五月份，奧地利政府突然公告我國駕駛執照將無法在奧地利使用，這一變動令在歐 洲旅居有自駕需求的國人感到困惑與不便。近年國人赴歐旅遊亦興盛自駕出行的選擇，針對該情 況，請外交部能夠重視並儘速與奧地利當局協商，爭取有利於國人的交通便利及出行權益。 首先，根據中華民國駕照規定，我國駕照在大部分歐洲國家，依照國際駕駛證或雙邊協定， 均可在短期內使用。然而，奧地利的去年突發公告，未充分考量我國駕駛人的實際需求，且未提 前與我國溝通協商，便直接宣告無效，讓許多計劃在奧地利自駕的國人無法順利出行，甚至可能 面臨無法租車、交通不便等情況。 其次，奧地利作為歐盟的一員，其對我國駕照的使用規範變動，若屬於與歐盟其他成員國的 協議一部分，應該提前通知並給予我國人民足夠的過渡時間，以便調整計劃。然而，此次突然的 公告顯示出奧地利對於與我國協商的缺乏，且此舉不僅影響了我國民眾的出行，也對兩國的交流 和友好合作造成了一定的負面影響。 鑑於此，外交部應儘速與奧地利當局進行協商，並說明駕照公告的具體原因及背景，爭取讓 中華民國駕照在奧地利的使用恢復或得到適當的處理。促請奧地利政府考慮與我國重新簽訂或更 新駕照認證協議，確保在歐洲的交通出行不會受到突發性規範變動的影響。因我方外交部同時宣 布奧地利在台原有駕照權益，考量外交對等而有所取消，因為兩國人民提供穩定與便利的交通條 件。 總結而言，對於奧地利突如其來的駕照無效公告，這不僅對我國人民的出行造成困擾，也對 兩國的國際交流帶來不便。我國應該加強與奧地利的外交協商，爭取國人出行的便利，並促使兩 國建立更為穩定和透明的駕駛證認證體系，期盼外交部能夠積極處理此事，保障國人權益。"
"11-3-7-33",11,3,7,"羅智強","2025-04-09","本院羅委員智強，針對偏鄉高齡者於地震及極端氣候災害下，居住安全與災後復原機制不足問題，特向行政院提出質詢。","台灣於 2025 年 1 月 21 日發生規模 6.4 之嘉義大埔強震，台南市災情最為嚴重，單一縣市即 通報 4,236 件建物災損，紅單 519 件、黃單 1,567 件，紅黃單占比近五成，尤以楠西區災損密度 最高，當地屋齡五十年以上建物占比逾七成，老屋抗震能力明顯不足，顯示我國偏鄉高齡社區於 震災面前，結構風險與脆弱性極高。 震災後，偏鄉地區高齡居民面臨諸多問題，包括： 一、災後租屋困難，部分災民雖獲補助，惟房東拒租高齡者或租金超出可負擔範圍，最終陷入 無處可居困境。 二、中長期安置難以適應，因文化觀念及生活習慣，部分長者排斥依親，或無力適應集體生活 ，導致避難所人數遞增，安置壓力加劇。 三、資訊近用不足，年長者多不識字或無法上網，無從得知補助或申請流程，行政作業流程如 傳真、申請證明等對其形成額外障礙。 四、重建程序複雜，多數老屋為共同持有，重建須共有人簽章，增加實際執行困難，亦出現資 源錯置、繼承爭議等狀況。 政府面對高齡社區災後處境，長期缺乏整體政策作為，僅以零星補助、貸款代替制度性支援 ，並無針對偏鄉文化與高齡特性設計之安置機制，防災社區與在地培力機制多停留在示範階段， 缺乏實質推動與成效評估。為因應地震頻率增加與超高齡社會現況，政府應立即檢討災後住宅重 建政策，針對偏鄉高齡戶進行耐震篩檢，建立「雙老戶」標示與關懷制度，整合社福、建管及災 防系統推動高齡友善安置政策，並研議設置災後住宅專案基金，專責處理偏鄉高風險老宅改建與 重建困難案件，避免災後高齡者陷入長期安置死角。敬請貴院檢討、改善相關事宜並回覆。"
"11-3-7-34",11,3,7,"羅智強","2025-04-09","本院羅委員智強，就獨居老人住宅快速增加、銀髮住宅類型轉變及都市高齡者住宅需求未被妥善回應等問題，特向行政院提出質詢。","依據內政部不動產資訊平台統計資料，截至 2024 年第二季止，全國 65 歲以上老人宅已達 75 萬 7,506 宅，較 2019 年同期的 53 萬宅成長逾四成，顯示高齡人口對住宅市場結構產生重大 影響。進一步觀察，老人宅中有多達 57 萬 2,884 宅為獨居老人宅，占整體老人宅比例達 75.6% ，呈現出高齡者住宅型態向獨居化趨勢的快速演變。 此一現象不僅反映出我國人口老化速度加快，也暴露出現行銀髮住宅政策仍有諸多待完善 之處。養生村多設於偏遠地區，不易接近醫療資源或社會支持系統，加上入住門檻高，並未能 普遍吸引高齡者入住，反映出政策供給與實際需求之間的差距。都市中常見的老舊公寓與電梯 不足問題，使得高齡者在地老化過程中面臨諸多生活不便與安全風險。以內政部數據來看，目 前就有將近 1/3 的獨居長者居住於無電梯公寓。 市面上銀髮住宅選項日益多元，包括蛋白區的醫院宅、智慧健康宅、捷運小宅等新型態住 宅逐漸受到青睞。許多老人考慮就醫需求，更傾向選擇買在醫院周邊。此外，隨著嬰兒潮世代 進入老年，許多長者選擇出售原有大坪數住宅換購小坪數捷運宅，以便利日常生活並兼顧醫療 可近性，亦成為新興趨勢。科技住宅（如智慧健康宅）在結合健康監測與通報系統方面，確實 提供高齡獨居者更高的安全保障，但目前僅在部分地區推廣，仍需更全面的政策支持。 面對上述趨勢與問題，行政機關應檢視現行高齡住宅政策及都市發展策略，整合銀髮宅、 社區照顧、智慧住宅等資源，提出更貼近長者實際需求之政策方針。並針對高齡者在地安老及 居住安全提供具體配套措施，以回應高齡社會所帶來的挑戰。"
"11-3-7-35",11,3,7,"顏寬恒","2025-04-09","本院顏委員寬恒，鑑於警界近年發生多起輕生案件，顯示警察高壓工作及身心狀態已亮紅燈，爰此，請行政院檢討警察工作環境，除增加多元心理諮商管道之外，請取消不合時宜之警察勤務及各部會任意調派之勤務時數，特向行政院提出質詢。","一、根據警政署統計，近 10 年（103 年至 113 年 4 月）總計 57 名警員自戕身亡，凸顯了警察人 員在沉重勤務中亦承受巨大心理壓力；而本週又一起警界憾事，新北市三重分局厚德派出 所一名警員於派出所頂樓持槍自盡，然這非該派出所第一起自戕，去年 1 月一名警員疑似 受霸凌於租屋處持槍自戕。警察之工時較平均國民高、死亡年齡較平均國民低：根據 105 年衛生福利部國民健康署一項委託研究之調查，警察機關一週工作總時數近 60 小時，較一 般勞工每週總工時僅為 39.13 小時高出近 1.5 倍；警察人員自 99 年至 109 年在職及退休死 亡人數合計 5,221 人，平均死亡年齡為 71.69 歲，相較 108 年內政部公布簡易生命表，國人 平均壽命則為 80.9 歲，可見警察人員職務之危險性、辛勞性，對健康、壽命所生之影響。 二、警政署也多次拜會衛福部，為強化員警身心健康照護及自殺防治作為尋求心輔相關協助， 同時也請台大醫師至署內講課，近年各警察機關也遴聘心理師或身心科醫師提供「身心健康 諮詢」及「委外預約諮商」服務，若同仁擔心諮商內容外流，還有「委外預約諮商服務」， 全國總計 81 處；然，憾事仍不斷發生，顯見目前之心輔配套有所不足。 三、據調查，各部會需警察配合辦理之相關法令近 190 項，行政院應與各部會協調，並重新檢 討繁重之警察工作，請於一個月內完成檢討作業，以降低警察之工作總時數。"
"11-3-7-36",11,3,7,"顏寬恒","2025-04-09","本院顏委員寬恒，鑑於兩岸詐騙橫行，詐騙手法日益更新，且詐騙金額不斷創新高，爰此，請行政院持續推促「海峽兩岸共同打擊犯罪及司法互助協議」之執行，特向行政院提出質詢。","一、根據內政部警政署統計，113 年 12 月份全台詐騙財損金額高達 124 億 3,543.3 萬元，單單光 是一天，就被騙了 4 億 2,848 萬元、受理案件高達 503 件。 二、海峽兩岸共同打擊犯罪及司法互助協議自 98 年 4 月簽屬以來，迄今已近 16 年，兩岸主管 機關在共同打擊犯罪、人員遣返與相互協助送達司法文書、調查取證、罪犯接返等司法互 助事項方面，已逐步建立制度化的協處機制。 三、然，詐騙手法日益更新，近年詐騙集團以虛擬貨幣為媒介進行詐騙，台灣人在被詐騙後， 偵查進度因其基地在大陸地區而卡關，爰此提案，行政院應以保護國人事前避免受害、事 後利於訴追為出發點，持續推促「海峽兩岸共同打擊犯罪及司法互助協議」，在共同打擊 犯罪基礎上，調整共同偵辦方向，以維護國人尋求救濟之權益。"
"11-3-7-37",11,3,7,"楊曜","2025-04-09","本院楊委員曜，鑑於為持續培育離島偏鄉專科醫師人力，就續辦「重點科別培育公費醫師制度計畫」一事，特向行政院提出質詢。","衛生福利部於民國 105 年至 109 年開辦「重點科別培育公費醫師制度計畫」，以挹注偏遠 地區之重點科別醫師人力，然鑑於醫師人力分布不均，為持續改善偏鄉醫師人力不足問題，並 因應精準醫療及 AI 人工智慧之國際趨勢，鼓勵多元人才跨領域投入醫療領域，爰規劃辦理第二 期重點科別公費醫師培育計畫（110 年-114 年）。 重點科別培育公費醫師制度計畫乃國家重要醫師人力養成政策，兩期預計培育公費醫師 1,250 位，但據衛福部資料，截至 113 學年度實際就讀人數為 932 名，若再加上 114 學年度預計 招收名額（166 名），在公費生皆有報到的情形下，總計為 1,098 名，顯示第二期計畫於今（ 114）年結束，仍無法達成原先設定培育公費醫學生之總體目標。 鑑於 114 年度乃計畫最後一年招生，然距離目標招收人數尚有 152 名名額，若衛福部終止 計畫，停止招生公費醫學生，離島偏鄉醫院將恐難有醫師人力新血加入，不利提升離島偏鄉醫 療水準。 再者，屢見媒體報導，臺灣本島各大醫院醫事人力不足，招募困難，更可顯見離島偏鄉醫 院招募人力，若無中央政策支持，離島偏鄉醫院將出現人力斷層，恐損及離島偏鄉地區居民醫 療權益。 為此，敬請貴院研議，要求衛福部於 115 年度續辦重點科別培育公費醫師制度計畫，並由 行政院補助該計畫所需經費，以達成培育公費醫師目標，方能維護離島偏鄉居民之醫療權益。"
"11-3-7-39",11,3,7,"萬美玲","2025-04-09","本院萬委員美玲，針對全台垃圾總量持續增加、各縣市裸露垃圾問題嚴重至表關切。根據環境部統計，113 年 9 月底全台裸露堆置垃圾量為 73 萬噸；至今（114）年 2 月，裸露垃圾增加為 79.3 萬噸待處理，顯見目前台灣處理垃圾量能不足，導致裸露垃圾持續增加，除空氣惡臭與水源環境污染外，裸露垃圾亦帶來許多病媒孳生，甚至引發多起垃圾火災，顯示垃圾裸露問題不可忽視。行政院於 113 年拍板核定 3 年 12 億元預算，目標協助地方將垃圾掩埋覆土、並設置垃圾掩埋場監控平台，然以上方法卻仍治標而非治本，垃圾總量持續增加，近年事業廢棄物更已排擠到家戶廢棄物處理量，因此如何擴充處理量能或另闢廢棄物處理方式為台灣重要課題，爰建請行政院積極研議可行辦法，並檢討目前垃圾清運與處理模式、加強落實垃圾分類、減少裸露垃圾堆疊，以加速處理全台裸露垃圾問題，特向行政院提出質詢。","一、今（2025）年因垃圾裸露處理不當，接連發生火災事件，1 月份高雄市小港區資源回收場發 生火警意外；2 月份又發生桃園市會稽掩埋場大火、澎湖縣馬公市資源回收場亦發生垃圾火 災。 二、行政院長卓榮泰於 2024 年環境部「全台垃圾處理和 SRF（固體再生燃料）全面體檢、加嚴 標準」報告後，表示將分 3 年投入 12 億元經費，全力協助地方政府加強掩埋覆土、篩分打 包、防災及智慧監控、AI 數據化治理等各項措施，皆為治標而非治本。 三、建請行政院積極研議可行辦法，並檢討目前垃圾清運與處理模式、加強落實垃圾分類，以 加速處理全台裸露垃圾問題。"
"11-3-7-40",11,3,7,"羅智強","2025-04-09","本院羅委員智強，針對高齡者金融詐騙防制措施不足問題，特向行政院提出質詢。","隨著高齡人口快速增加，台灣已進入超高齡社會，然而高齡者金融詐騙案件仍層出不窮，顯 示現行防詐機制對高風險族群的保護仍存有明顯落差。高齡者常於金融交易過程中，成為詐騙集 團透過通訊即時操控的對象，特別是在 ATM 操作、購買預付卡等場域，易於被誘導匯款或提供 敏感資訊。 針對此一社會風險，日本大阪府議會於 3 月 24 日通過條例修正案，明定禁止高齡者在 ATM 前邊講電話邊操作機台，並要求金融機構及便利商店等場所設置告示、查核預付卡購買用途、限 制高齡者單日匯款上限，以阻斷詐騙集團常見手法。 反觀我國，雖有針對高齡者進行防詐宣導，但多停留於民眾自覺與事後協助階段，對於實體 交易場域中可預防性介入的具體措施顯然不足。根據內政部警政署統計，112 年受騙被害人中， 65 歲以上長者較前一年增加 1,164 人，增幅達 27.93%，顯示此類高風險族群正成為詐騙犯罪的 主要標的。面對高齡社會趨勢與詐騙模式演化，政府應重新檢視現行金融場域安全制度，從以下 兩核心原則出發，一、建立高齡者金融行為的風險辨識與感知系統，使交易過程中可主動提示與 協助；二、強化業者防詐責任意識與通報文化，將詐騙防制納入金融治理與企業內控體系。 高齡者應被視為國家金融安全政策中的關鍵保護對象，相關作法不應僅止於提醒與宣導，更 應體現在制度設計與操作流程中。政府有責任打造一個對高齡者更具同理心、辨識力與防禦韌性 的金融環境，確保社會最脆弱環節不再成為詐騙破口。敬請貴院檢討、改善相關事宜，並具體說 明後續推動方向與配套作法。"
"11-3-7-41",11,3,7,"陳菁徽","2025-04-09","本院陳委員菁徽，有鑑於我國總生育率持續探底，112 年僅為0.87，幾已降至全球最低，顯示民眾對於婚育普遍抱持高度保留態度，其中「居住負擔」即為主要關鍵因素之一。現行住宅法第四條第二項第三款僅將「育有未成年子女二人以上」者列為社會住宅保留比例對象，雖具鼓勵生育之原意，惟在當前嚴峻的人口情勢下，此一門檻是否仍合時宜，實有檢討之必要。爰此，請行政院評估將條文修正為「育有未成年子女」之可行性，以提升政策涵蓋面，強化育兒支持體系，特向行政院提出質詢。","一、根據現行住宅法第四條第二項第三款規定：「育有未成年子女二人以上」者，得列為社會 住宅保留比例對象。該條文原係於 100 年制定，當時人數門檻為三人以上，已於 112 年修 正為二人以上，修法理由指出係因應我國總生育率長期下滑，為減輕育有子女家庭之居住 負擔，故予放寬。 二、112 年我國總生育率進一步降至 0.87，全年新生兒數僅 13 萬餘人，情勢已形同國安危機。 在此情況下，社會住宅保留比例對象仍設「二人以上」之門檻，是否過於嚴格？是否反而 排除更多正處於育兒初期、實際面臨重大經濟壓力之年輕家庭？其政策效益與社會現況恐 有落差，應再檢視。 三、以德國為例，其社會住宅制度要求申請人事先取得低收入戶住房證（WBS），並於申請時 檢附子女出生證明，作為家庭成員資格認定依據，惟並未對子女數量設下限制。顯見其制 度強調「實際家庭負擔」而非以子女數量作為門檻，較具包容性，值得參考。 四、為強化對育兒家戶之支持，並配合當前我國人口結構與生育現況，請行政院具體評估並研 擬將住宅法第四條第二項第三款之文字修正為「育有未成年子女」，取消「二人以上」限 制，以提升政策涵蓋面與鼓勵生育之實質誘因，建構更具彈性與包容性的社會住宅支持體 系，回應當前人口挑戰。"
